✔ [3001/3060] Built NavierStokes.R3.ScalarEnergyBound (3.1s)
✔ [3146/3220] Built NavierStokes.R3.ComparisonGronwall (3.6s)
✔ [3152/3222] Built NavierStokes.ProblemStatement (3.9s)
✔ [3155/3222] Built NavierStokes.R3.ComparisonYoung (4.9s)
✔ [3156/3223] Built NavierStokes.R3.CompactForceBound (2.7s)
✔ [3157/3223] Built NavierStokes.R3.HilbertFunctionalExtension (2.0s)
✔ [3161/3287] Built NavierStokes.R3.TemporalTestUniqueness (2.8s)
✔ [7270/7377] Built NavierStokes.PeriodicIntegration (5.4s)
✔ [7741/7936] Built NavierStokes.R3.ComparisonRateBound (4.8s)
✔ [7877/8009] Built NavierStokes.R3.ProblemStatement (4.9s)
✔ [8771/9580] Built NavierStokes.R3.CompactSchwartz (4.2s)
✔ [8772/9580] Built NavierStokes.R3.CompactTimeIntegral (5.7s)
✔ [8773/9580] Built NavierStokes.PeriodicLocalization (4.2s)
✔ [8774/9580] Built NavierStokes.PeriodicUniqueness (10s)
✔ [8775/9580] Built NavierStokes.SmoothCutoffs (5.5s)
✔ [8776/9580] Built NavierStokes.DiagonalScale (4.5s)
✔ [8777/9580] Built NavierStokes.ResidualRegularity (6.0s)
✔ [8778/9580] Built NavierStokes.SpatialCurl (9.4s)
✔ [8779/9580] Built NavierStokes.ResidualCalculus (5.8s)
✔ [8780/9580] Built NavierStokes.CompactForceDecay (4.2s)
✔ [8781/9580] Built NavierStokes.SpacetimeEndpoint (20s)
✔ [8782/9580] Built NavierStokes.RadialAlias (4.9s)
✔ [8783/9580] Built NavierStokes.JetBounds (5.0s)
✔ [8784/9580] Built NavierStokes.DiophantineGraph (4.6s)
✔ [8785/9580] Built NavierStokes.Flatness (3.4s)
✔ [8786/9580] Built NavierStokes.SlotGeometry (5.5s)
✔ [8787/9580] Built NavierStokes.Scaling (4.6s)
✔ [8788/9580] Built NavierStokes.FlatCutoff (4.2s)
✔ [8789/9580] Built NavierStokes.FlatKernelBounds (6.8s)
✔ [8790/9580] Built NavierStokes.ConeAlgebra (7.4s)
✔ [8791/9580] Built NavierStokes.PhaseCalculus (7.5s)
✔ [8792/9580] Built NavierStokes.SmoothParameterIntegral (9.6s)
✔ [8793/9580] Built NavierStokes.LoopMoments (4.3s)
✔ [8794/9580] Built NavierStokes.GraphCalculus (5.4s)
✔ [8795/9580] Built NavierStokes.PulseGrowth (3.9s)
✔ [8796/9580] Built NavierStokes.Covariance (4.3s)
✔ [8797/9580] Built NavierStokes.PowerMomentMatrix (4.2s)
✔ [8798/9580] Built NavierStokes.MomentRepair (4.8s)
✔ [8799/9580] Built NavierStokes.RadialSchedule (7.2s)
✔ [8800/9580] Built NavierStokes.SimilarityCoordinates (8.3s)
✔ [8801/9580] Built NavierStokes.AxisWeightEstimates (8.0s)
✔ [8802/9580] Built NavierStokes.PressureDatum (9.1s)
✔ [8803/9580] Built NavierStokes.AnalyticPrimitive (5.3s)
✔ [8804/9580] Built NavierStokes.AxisProfile (4.0s)
✔ [8805/9580] Built NavierStokes.EndpointExtension (3.2s)
✔ [8806/9580] Built NavierStokes.TangentProjection (4.0s)
✔ [8807/9580] Built NavierStokes.CurlGeometry (3.9s)
✔ [8808/9580] Built NavierStokes.CoordinateAlgebra (3.9s)
✔ [8809/9580] Built NavierStokes.CauchyRestriction (6.5s)
✔ [8810/9580] Built NavierStokes.StressAlgebra (6.4s)
✔ [8811/9580] Built NavierStokes.CompactSmoothFamily (8.8s)
✔ [8812/9580] Built NavierStokes.RadialModulation (7.7s)
✔ [8813/9580] Built NavierStokes.BlowupImplication (3.9s)
✔ [8814/9580] Built NavierStokes.R3.SpatialSupportScaling (3.1s)
✔ [8815/9580] Built NavierStokes.ExponentLedger (4.5s)
✔ [8816/9580] Built NavierStokes.R3.SpatialEnergyScaling (3.8s)
✔ [8817/9580] Built NavierStokes.R3.SharpEnergyBound (3.4s)
✔ [8818/9580] Built NavierStokes.R3.DelayedExtension (2.0s)
✔ [8819/9580] Built NavierStokes.R3PositiveTests (3.7s)
✔ [8820/9580] Built NavierStokes.SchwartzCompactApproximation (4.6s)
✔ [8822/9580] Built NavierStokes.RadialPrimitive (3.9s)
✔ [8823/9580] Built NavierStokes.ClosedIntervalCk (6.9s)
✔ [8824/9580] Built NavierStokes.GraphRestriction (3.0s)
✔ [8825/9580] Built NavierStokes.PeriodizeLatticeCover (2.0s)
✔ [8826/9580] Built NavierStokes.R3EnergyAbsorption (5.3s)
✔ [8827/9580] Built NavierStokes.PeriodicPaperSupport (3.2s)
✔ [8828/9580] Built NavierStokes.PeriodicSobolev (4.9s)
✔ [8829/9580] Built NavierStokes.R3.ComparisonSetup (3.1s)
✔ [8830/9580] Built NavierStokes.MaximalLifespan (4.1s)
✔ [8831/9580] Built NavierStokes.R3.CompactEnergy (7.1s)
✔ [8832/9580] Built NavierStokes.R3.PositiveTimeForce (4.7s)
✔ [8833/9580] Built NavierStokes.TimeLocalization (4.5s)
✔ [8834/9580] Built NavierStokes.BorelExtension (5.4s)
✔ [8835/9580] Built NavierStokes.ValidBandGluing (3.5s)
✔ [8836/9580] Built NavierStokes.SolenoidalDiagonal (4.9s)
✔ [8837/9580] Built NavierStokes.AxisymmetricFields (7.5s)
✔ [8838/9580] Built NavierStokes.JointResidualLimits (8.5s)
✔ [8839/9580] Built NavierStokes.WeightedClasses (9.6s)
✔ [8840/9580] Built NavierStokes.TorusInverse (12s)
✔ [8841/9580] Built NavierStokes.SlotColoring (8.5s)
✔ [8842/9580] Built NavierStokes.TransportPrimitive (19s)
✔ [8843/9580] Built NavierStokes.FlatZeroExtension (7.7s)
✔ [8844/9580] Built NavierStokes.FlatPrimitive (6.8s)
✔ [8845/9580] Built NavierStokes.ParametricKernelBounds (7.1s)
✔ [8846/9580] Built NavierStokes.UniformCone (4.6s)
✔ [8847/9580] Built NavierStokes.EvenSmoothDescent (6.9s)
✔ [8848/9580] Built NavierStokes.SmoothLoop (7.4s)
✔ [8849/9580] Built NavierStokes.RadialHeatProfile (9.8s)
✔ [8850/9580] Built NavierStokes.ResidualStability (33s)
✔ [8851/9580] Built NavierStokes.SmoothCovariance (5.4s)
✔ [8852/9580] Built NavierStokes.HarmonicCalculus (9.4s)
✔ [8853/9580] Built NavierStokes.ExponentialMomentMatrix (3.7s)
✔ [8854/9580] Built NavierStokes.GaussianEnvelope (7.1s)
✔ [8855/9580] Built NavierStokes.LocalizedMomentRepair (4.7s)
✔ [8856/9580] Built NavierStokes.BoundaryCoordinates (5.5s)
✔ [8857/9580] Built NavierStokes.PhysicalCoordinateBounds (11s)
✔ [8858/9580] Built NavierStokes.AxisCoefficientSpace (9.8s)
✔ [8859/9580] Built NavierStokes.SmoothMomentRepair (17s)
✔ [8860/9580] Built NavierStokes.NaturalAxisData (12s)
✔ [8861/9580] Built NavierStokes.EndpointLimits (4.9s)
✔ [8862/9580] Built NavierStokes.SimilarityProfile (8.2s)
✔ [8863/9580] Built NavierStokes.HolomorphicFamily (9.4s)
✔ [8864/9580] Built NavierStokes.R3.ParabolicSupport (2.0s)
✔ [8865/9580] Built NavierStokes.AxisSeries (17s)
✔ [8866/9580] Built NavierStokes.TangentODE (14s)
✔ [8867/9580] Built NavierStokes.R3.ViscosityScaling (3.9s)
✔ [8868/9580] Built NavierStokes.PeriodizePDE (3.2s)
✔ [8869/9580] Built NavierStokes.R3.H3Definitions (3.1s)
✔ [8870/9580] Built NavierStokes.R3.RadialKernelBounds (5.1s)
✔ [8871/9580] Built NavierStokes.ComparatorDefinitions (9.5s)
✔ [8872/9580] Built NavierStokes.R3.PairedKernelBound (7.0s)
✔ [8873/9580] Built NavierStokes.ClosedIntervalCkOperators (13s)
✔ [8874/9580] Built NavierStokes.R3.HeatKernelCancellation (4.7s)
✔ [8875/9580] Built NavierStokes.R3.HeatKernel (6.3s)
✔ [8876/9580] Built NavierStokes.R3.ComparisonFourierSetup (3.0s)
✔ [8877/9580] Built NavierStokes.R3.GradientOperator (3.2s)
✔ [8878/9580] Built NavierStokes.R3.WeightedInterpolation (4.9s)
✔ [8879/9580] Built NavierStokes.R3.LpNormTools (4.2s)
✔ [8880/9580] Built NavierStokes.R3.ComparisonCutoffs (6.3s)
✔ [8881/9580] Built NavierStokes.R3.ForceL2Norm (4.6s)
✔ [8882/9580] Built NavierStokes.R3.ConservativeDifference (7.3s)
✔ [8883/9580] Built NavierStokes.R3.H3Approximation (6.8s)
✔ [8884/9580] Built NavierStokes.R3.SpatialCauchySchwarz (3.4s)
✔ [8885/9580] Built NavierStokes.R3.LocalizedTransport (3.4s)
✔ [8886/9580] Built NavierStokes.R3.ViscousEnergyBalance (3.6s)
✔ [8887/9580] Built NavierStokes.CandidateAssembly (3.6s)
✔ [8888/9580] Built NavierStokes.R3.LocalizedLaplacian (4.7s)
✔ [8889/9580] Built NavierStokes.PastExtension (5.0s)
✔ [8890/9580] Built NavierStokes.DiagonalJetBoundsNoOptions (5.2s)
✔ [8891/9580] Built NavierStokes.DiagonalJetBounds (5.4s)
✔ [8892/9580] Built NavierStokes.SpatialBorelExtension (8.8s)
✔ [8893/9580] Built NavierStokes.MeanLocalCoefficient (3.4s)
✔ [8894/9580] Built NavierStokes.FiniteHeadClass (3.0s)
✔ [8895/9580] Built NavierStokes.LabelCountingFinite (4.1s)
✔ [8896/9580] Built NavierStokes.ChartScales (5.6s)
✔ [8897/9580] Built NavierStokes.AxisymmetricResidual (11s)
✔ [8898/9580] Built NavierStokes.SeedConePaper (3.6s)
✔ [8899/9580] Built NavierStokes.FlatPrimitiveFactor (5.5s)
✔ [8900/9580] Built NavierStokes.WeightedQuotients (8.2s)
✔ [8901/9580] Built NavierStokes.HeatProfileExtension (5.5s)
✔ [8902/9580] Built NavierStokes.ParametricRephase (7.4s)
✔ [8903/9580] Built NavierStokes.LoopVariance (10s)
✔ [8904/9580] Built NavierStokes.SmoothFourierData (23s)
✔ [8905/9580] Built NavierStokes.FlatCovariance (4.3s)
✔ [8906/9580] Built NavierStokes.FiveRowRank (7.4s)
✔ [8907/9580] Built NavierStokes.OutgoingSchedule (9.8s)
✔ [8908/9580] Built NavierStokes.AnalyticCoefficientBounds (6.1s)
✔ [8909/9580] Built NavierStokes.AxisEvaluation (9.5s)
✔ [8910/9580] Built NavierStokes.OscillatoryCurl (23s)
✔ [8911/9580] Built NavierStokes.AxisOperators (22s)
✔ [8912/9580] Built NavierStokes.QuadraticLinearization (4.9s)
✔ [8913/9580] Built NavierStokes.MomentRepairPicardConvergence (3.5s)
✔ [8914/9580] Built NavierStokes.AngularMomentReset (11s)
✔ [8915/9580] Built NavierStokes.SmoothQuadraticBranch (10s)
✔ [8916/9580] Built NavierStokes.SimilarityHomogeneity (5.5s)
✔ [8917/9580] Built NavierStokes.NaturalAxisRange (8.3s)
✔ [8918/9580] Built NavierStokes.CompactHolomorphicFamily (5.0s)
✔ [8919/9580] Built NavierStokes.AxisModelBounds (3.5s)
✔ [8920/9580] Built NavierStokes.HolomorphicFamilyAnalytic (3.0s)
✔ [8921/9580] Built NavierStokes.ViscousPropagator (8.0s)
✔ [8922/9580] Built NavierStokes.AxisSourceRegularity (14s)
✔ [8923/9580] Built NavierStokes.R3.ParabolicDefinitions (3.8s)
✔ [8924/9580] Built NavierStokes.R3.H3BoxIntegral (6.6s)
✔ [8925/9580] Built NavierStokes.GrowingMode (12s)
✔ [8926/9580] Built NavierStokes.ParametricODE (14s)
✔ [8927/9580] Built NavierStokes.R3.HeatKernelFubini (3.0s)
✔ [8928/9580] Built NavierStokes.R3.HeatKernelTimeBound (4.5s)
✔ [8929/9580] Built NavierStokes.R3.GaussianMoments (4.1s)
✔ [8930/9580] Built NavierStokes.R3.WeakFourierUniqueness (4.9s)
✔ [8931/9580] Built NavierStokes.ComparatorBridge (11s)
✔ [8932/9580] Built NavierStokes.R3.FourierConvolution (4.2s)
✔ [8933/9580] Built NavierStokes.R3.SchwartzParseval (5.6s)
✔ [8934/9580] Built NavierStokes.R3.FourierTestDerivatives (7.7s)
✔ [8935/9580] Built NavierStokes.R3.RieszSymbolRegularity (7.9s)
✔ [8936/9580] Built NavierStokes.R3.FourierSobolevWeights (10s)
✔ [8937/9580] Built NavierStokes.R3.ComparisonFiniteEnergy (5.8s)
✔ [8938/9580] Built NavierStokes.R3.WeakTimeContinuity (4.6s)
✔ [8939/9580] Built NavierStokes.R3.WeightedSobolev (6.5s)
✔ [8940/9580] Built NavierStokes.R3.SchwartzCompactApproximation (7.0s)
✔ [8941/9580] Built NavierStokes.R3.PressureTemporalIdentity (4.7s)
✔ [8942/9580] Built NavierStokes.R3.SmoothSobolevL6 (6.8s)
✔ [8943/9580] Built NavierStokes.R3.H3Comparison (4.3s)
✔ [8944/9580] Built NavierStokes.R3.H3CompactHelpers (3.2s)
✔ [8945/9580] Built NavierStokes.R3.H3Operations (4.3s)
✔ [8946/9580] Built NavierStokes.R3.IntegratedDissipation (5.4s)
✔ [8947/9580] Built NavierStokes.R3.LocalizedDifferenceEnergy (6.1s)
✔ [8948/9580] Built NavierStokes.SpacetimeGluing (7.4s)
✔ [8949/9580] Built NavierStokes.DiagonalResidual (12s)
✔ [8950/9580] Built NavierStokes.SquaredPartition (10s)
✔ [8951/9580] Built NavierStokes.LocalAxisymmetricResidual (12s)
✔ [8952/9580] Built NavierStokes.ParametricFlatFactor (8.5s)
✔ [8953/9580] Built NavierStokes.ClosedIntervalJetAlgebra (6.9s)
✔ [8954/9580] Built NavierStokes.GenericEndpointExtension (18s)
✔ [8955/9580] Built NavierStokes.AppendixHeatResults (4.2s)
✔ [8956/9580] Built NavierStokes.SmoothPowerMomentMatrix (6.3s)
✔ [8957/9580] Built NavierStokes.ParametricEvenDescent (7.3s)
✔ [8958/9580] Built NavierStokes.TrueConeLoop (8.6s)
✔ [8959/9580] Built NavierStokes.ParametricTorusInverse (12s)
✔ [8960/9580] Built NavierStokes.PulseCovariance (16s)
✔ [8961/9580] Built NavierStokes.VolterraAnalyticBounds (11s)
✔ [8962/9580] Built NavierStokes.OutgoingTail (18s)
✔ [8963/9580] Built NavierStokes.AxisHolomorphic (11s)
✔ [8964/9580] Built NavierStokes.AxisEvaluationAlgebra (7.0s)
✔ [8965/9580] Built NavierStokes.OutgoingPulseBounds (30s)
✔ [8966/9580] Built NavierStokes.MomentRepairPicard (5.2s)
✔ [8967/9580] Built NavierStokes.AxisResolvent (13s)
✔ [8968/9580] Built NavierStokes.PeriodicPaperScalingSupport (3.4s)
✔ [8969/9580] Built NavierStokes.UniformQuadraticBranch (7.8s)
✔ [8970/9580] Built NavierStokes.AxisInverseFactors (12s)
✔ [8971/9580] Built NavierStokes.R3.ParabolicEnergy (3.4s)
✔ [8972/9580] Built NavierStokes.AxisRootPressureBounds (7.0s)
✔ [8973/9580] Built NavierStokes.R3.ParabolicCalculus (2.9s)
✔ [8974/9580] Built NavierStokes.R3.H3Embedding (3.0s)
✔ [8975/9580] Built NavierStokes.R3.HeatKernelPairedBound (4.0s)
✔ [8976/9580] Built NavierStokes.SmoothPathFamily (9.4s)
✔ [8977/9580] Built NavierStokes.PeriodicViscosityUniqueness (8.2s)
✔ [8978/9580] Built NavierStokes.MovingFrameODE (13s)
✔ [8979/9580] Built NavierStokes.R3CompactIntegration (8.8s)
✔ [8980/9580] Built NavierStokes.ComparatorR3Bridge (7.5s)
✔ [8981/9580] Built NavierStokes.CompactSpatialForceDecay (8.4s)
✔ [8982/9580] Built NavierStokes.R3.RieszHeatRepresentation (6.6s)
✔ [8983/9580] Built NavierStokes.R3.H3DivCurlFourier (7.6s)
✔ [8984/9580] Built NavierStokes.R3.RieszLinearityDecay (4.8s)
✔ [8985/9580] Built NavierStokes.R3.RieszPairing (5.3s)
✔ [8986/9580] Built NavierStokes.R3.CompactComparisonBounds (5.7s)
✔ [8987/9580] Built NavierStokes.R3.ComparisonTimeAverages (11s)
✔ [8988/9580] Built NavierStokes.R3.LocalizedTensorBounds (6.8s)
✔ [8989/9580] Built NavierStokes.R3.PressureTestBounds (13s)
✔ [8990/9580] Built NavierStokes.R3.PressureFluxTest (11s)
✔ [8991/9580] Built NavierStokes.R3.PressureRecoveryHelpers (4.0s)
✔ [8992/9580] Built NavierStokes.R3.HarmonicTestFunctionals (5.3s)
✔ [8993/9580] Built NavierStokes.R3.H3PressureDistribution (5.6s)
✔ [8994/9580] Built NavierStokes.R3.WholeSpaceEnergyLimit (3.5s)
✔ [8995/9580] Built NavierStokes.R3.H3Continuity (3.9s)
✔ [8996/9580] Built NavierStokes.R3.H3Products (6.4s)
✔ [8997/9580] Built NavierStokes.R3.LocalizedFluxEstimates (5.6s)
✔ [8998/9580] Built NavierStokes.SimilarityApproach (3.7s)
✔ [8999/9580] Built NavierStokes.WholeDomainCompactBounds (3.6s)
✔ [9000/9580] Built NavierStokes.GenericJetRateAlgebra (4.6s)
✔ [9001/9580] Built NavierStokes.CandidateFromLimits (8.8s)
✔ [9002/9580] Built NavierStokes.RadialFluxResidual (7.4s)
✔ [9003/9580] Built NavierStokes.EdgeWeightJets (13s)
✔ [9004/9580] Built NavierStokes.WeightedRadialPrimitive (19s)
✔ [9005/9580] Built NavierStokes.ShapeTransition (22s)
✔ [9006/9580] Built NavierStokes.ProfileHistories (12s)
✔ [9007/9580] Built NavierStokes.CylindricalResidual (30s)
✔ [9008/9580] Built NavierStokes.FlatPrimitivePaper (4.9s)
✔ [9009/9580] Built NavierStokes.SeedHandbackJets (7.0s)
✔ [9010/9580] Built NavierStokes.SmoothExponentialMomentMatrix (4.1s)
✔ [9011/9580] Built NavierStokes.FourierAlias (8.6s)
✔ [9012/9580] Built NavierStokes.ParametricModulation (9.8s)
✔ [9013/9580] Built NavierStokes.TorusAverages (9.9s)
✔ [9014/9580] Built NavierStokes.HeatTailEdit (12s)
✔ [9015/9580] Built NavierStokes.SmoothFamilyTorusInverse (25s)
✔ [9016/9580] Built NavierStokes.AxisAnalyticCoefficients (6.4s)
✔ [9017/9580] Built NavierStokes.UniformAngularReset (28s)
✔ [9018/9580] Built NavierStokes.TailEnergyBounds (12s)
✔ [9019/9580] Built NavierStokes.NilpotentVolterra (31s)
✔ [9020/9580] Built NavierStokes.AxisHolomorphicJoint (4.0s)
✔ [9021/9580] Built NavierStokes.R3.H3WeakEmbedding (4.1s)
✔ [9022/9580] Built NavierStokes.R3.ParabolicScaling (4.5s)
✔ [9023/9580] Built NavierStokes.ClosedIntervalMomentRepair (7.3s)
✔ [9024/9580] Built NavierStokes.JointODE (6.7s)
✔ [9025/9580] Built NavierStokes.WithinPathFamily (8.5s)
✔ [9026/9580] Built NavierStokes.AxisContraction (16s)
✔ [9027/9580] Built NavierStokes.WeightedODEJets (14s)
✔ [9028/9580] Built NavierStokes.PeriodicViscosity (9.3s)
✔ [9029/9580] Built NavierStokes.R3CompactParametricIntegral (10s)
✔ [9030/9580] Built NavierStokes.PhaseEstimates (16s)
✔ [9031/9580] Built NavierStokes.R3LocalizedEnergyLimit (9.8s)
✔ [9032/9580] Built NavierStokes.R3CompactEnergy (11s)
✔ [9033/9580] Built NavierStokes.R3PressureKernel (9.5s)
✔ [9034/9580] Built NavierStokes.R3.ComparatorBridge (8.0s)
✔ [9035/9580] Built NavierStokes.R3ConvolutionYoung (11s)
✔ [9036/9580] Built NavierStokes.R3.RieszL2Bounds (8.0s)
✔ [9037/9580] Built NavierStokes.R3HarmonicPressure (12s)
✔ [9038/9580] Built NavierStokes.R3.H3PressureOrthogonality (4.6s)
✔ [9039/9580] Built NavierStokes.R3.WholeSpaceComparisonClosure (5.0s)
✔ [9040/9580] Built NavierStokes.GenericDifferentialPolynomial (4.4s)
✔ [9041/9580] Built NavierStokes.R3.PressureFunctionals (11s)
✔ [9042/9580] Built NavierStokes.SlowExpansionResidual (8.0s)
✔ [9043/9580] Built NavierStokes.SlowDivergence (8.2s)
✔ [9044/9580] Built NavierStokes.RadialPullback (11s)
✔ [9045/9580] Built NavierStokes.SpatialLocalization (9.0s)
✔ [9046/9580] Built NavierStokes.TrueConeLoopPaper (6.0s)
✔ [9047/9580] Built NavierStokes.LinearWaveResidual (13s)
✔ [9048/9580] Built NavierStokes.AxisAnalyticRadialSeries (4.8s)
✔ [9049/9580] Built NavierStokes.MeanResidual (19s)
✔ [9050/9580] Built NavierStokes.ParametricHeatTail (12s)
✔ [9051/9580] Built NavierStokes.ReleaseMoments (5.9s)
✔ [9052/9580] Built NavierStokes.ResetEnergyBounds (6.8s)
✔ [9053/9580] Built NavierStokes.RegularSingularIntegral (4.4s)
✔ [9054/9580] Built NavierStokes.TerminalCompensation (31s)
✔ [9055/9580] Built NavierStokes.VolterraParity (18s)
✔ [9056/9580] Built NavierStokes.R3.H3UniformApproximation (6.7s)
✔ [9057/9580] Built NavierStokes.PulseAmplitude (28s)
✔ [9058/9580] Built NavierStokes.R3.L2TimeDerivative (6.8s)
✔ [9059/9580] Built NavierStokes.ParameterizedMomentRepair (5.7s)
✔ [9060/9580] Built NavierStokes.FiveProfileMoments (51s)
✔ [9061/9580] Built NavierStokes.WithinJointODE (7.4s)
✔ [9062/9580] Built NavierStokes.NaturalAxisBridge (11s)
✔ [9063/9580] Built NavierStokes.CommonCoverSolve (12s)
✔ [9064/9580] Built NavierStokes.PartitionedCovariance (9.6s)
✔ [9065/9580] Built NavierStokes.R3LocalEnergyEvolution (9.5s)
✔ [9066/9580] Built NavierStokes.PrimaryODE (20s)
✔ [9067/9580] Built NavierStokes.R3.RieszTestOperators (12s)
✔ [9068/9580] Built NavierStokes.R3PressureNearKernel (12s)
✔ [9069/9580] Built NavierStokes.R3.PressureFluxIdentity (6.9s)
✔ [9070/9580] Built NavierStokes.LeadingStress (9.7s)
✔ [9071/9580] Built NavierStokes.R3PressureFourier (27s)
✔ [9072/9580] Built NavierStokes.PressureStream (15s)
✔ [9073/9580] Built NavierStokes.UniformFourierAlias (20s)
✔ [9074/9580] Built NavierStokes.SlowBorelBase (25s)
✔ [9075/9580] Built NavierStokes.AxisJointAnalytic (4.7s)
✔ [9076/9580] Built NavierStokes.PolarCharts (8.3s)
✔ [9077/9580] Built NavierStokes.HarmonicFields (7.5s)
✔ [9078/9580] Built NavierStokes.PeriodicResidualLimits (10s)
✔ [9079/9580] Built NavierStokes.ParametricTerminalCompensation (8.2s)
✔ [9080/9580] Built NavierStokes.R3.H3Transport (10s)
✔ [9081/9580] Built NavierStokes.R3.H3Curve (7.2s)
✔ [9082/9580] Built NavierStokes.VolterraRegularity (14s)
✔ [9083/9580] Built NavierStokes.AxisReference (9.3s)
✔ [9084/9580] Built NavierStokes.NaturalAxisCoefficients (14s)
✔ [9085/9580] Built NavierStokes.CorrectedPulseAmplitude (17s)
✔ [9086/9580] Built NavierStokes.TorusCoverLattice (6.7s)
✔ [9087/9580] Built NavierStokes.NormalScaling (6.7s)
✔ [9088/9580] Built NavierStokes.SignedCovariance (12s)
✔ [9089/9580] Built NavierStokes.PhaseJetBounds (22s)
✔ [9090/9580] Built NavierStokes.PrimaryRepresentatives (29s)
✔ [9091/9580] Built NavierStokes.R3.PressureRecovery (8.6s)
✔ [9092/9580] Built NavierStokes.PrimaryCopyBridge (24s)
✔ [9093/9580] Built NavierStokes.R3PressureCommutator (13s)
✔ [9094/9580] Built NavierStokes.PositiveAxisSystem (73s)
✔ [9095/9580] Built NavierStokes.R3.HeatKernelFourier (4.8s)
✔ [9096/9580] Built NavierStokes.TerminalStress (10s)
✔ [9097/9580] Built NavierStokes.IntegratedMeanBalances (10s)
✔ [9098/9580] Built NavierStokes.R3GaussianPressure (13s)
✔ [9099/9580] Built NavierStokes.R3SpaceTime (13s)
✔ [9100/9580] Built NavierStokes.TemporalMeanUpdate (17s)
✔ [9101/9580] Built NavierStokes.ExtendedHeatDebts (14s)
✔ [9102/9580] Built NavierStokes.R3CompactCandidate (15s)
✔ [9103/9580] Built NavierStokes.R3.H3Energy (7.3s)
✔ [9104/9580] Built NavierStokes.R3.H3StrongSolution (5.5s)
✔ [9105/9580] Built NavierStokes.R3.H3CompactCurve (6.1s)
✔ [9106/9580] Built NavierStokes.NaturalProfile (7.5s)
✔ [9107/9580] Built NavierStokes.BoundaryAxisJets (12s)
✔ [9108/9580] Built NavierStokes.TorusCoverDegree (5.2s)
✔ [9109/9580] Built NavierStokes.PulseLag (12s)
✔ [9110/9580] Built NavierStokes.PhysicalGraphBounds (35s)
✔ [9111/9580] Built NavierStokes.R3.ActualPressureFlux (3.7s)
✔ [9112/9580] Built NavierStokes.PositiveRepresentatives (8.2s)
✔ [9113/9580] Built NavierStokes.R3.HeatKernelCommutator (7.9s)
✔ [9114/9580] Built NavierStokes.PositiveAxisExistence (16s)
✔ [9115/9580] Built NavierStokes.PositiveOrderMoments (14s)
✔ [9116/9580] Built NavierStokes.CurlClassBounds (20s)
✔ [9117/9580] Built NavierStokes.PhysicalHeatCoordinates (3.0s)
✔ [9118/9580] Built NavierStokes.SignedStressPrimitive (13s)
✔ [9119/9580] Built NavierStokes.R3TimeLocalization (11s)
✔ [9120/9580] Built NavierStokes.MeanMomentBounds (16s)
✔ [9121/9580] Built NavierStokes.R3RieszKernel (14s)
✔ [9122/9580] Built NavierStokes.R3.H3WeakStrong (4.4s)
✔ [9123/9580] Built NavierStokes.R3.H3Blowup (3.1s)
✔ [9124/9580] Built NavierStokes.R3.H3CandidateStrong (4.7s)
✔ [9125/9580] Built NavierStokes.SchedulePressure (4.4s)
✔ [9126/9580] Built NavierStokes.R3SpaceTimeHarmonic (14s)
✔ [9127/9580] Built NavierStokes.ReferencePath (10s)
✔ [9128/9580] Built NavierStokes.NaturalCore (10s)
✔ [9129/9580] Built NavierStokes.ParametricRadialExtension (6.3s)
✔ [9130/9580] Built NavierStokes.CommonCoverClass (17s)
✔ [9131/9580] Built NavierStokes.SharpGraphBounds (13s)
✔ [9132/9580] Built NavierStokes.GaussianTailFlat (16s)
✔ [9133/9580] Built NavierStokes.SharpPhaseJetAlgebra (3.7s)
✔ [9134/9580] Built NavierStokes.EndpointCoordinates (5.3s)
✔ [9135/9580] Built NavierStokes.NaturalEntrance (31s)
✔ [9136/9580] Built NavierStokes.PhysicalWaveSum (11s)
✔ [9137/9580] Built NavierStokes.PositiveAxisDifferential (6.4s)
✔ [9138/9580] Built NavierStokes.R3.PressureFlux (16s)
✔ [9139/9580] Built NavierStokes.SlowRecursion (15s)
✔ [9140/9580] Built NavierStokes.SlowStressSupport (9.7s)
✔ [9141/9580] Built NavierStokes.WaveInteractionBounds (13s)
✔ [9142/9580] Built NavierStokes.R3.H3CandidateUniqueness (5.4s)
✔ [9143/9580] Built NavierStokes.MeanIncrementBounds (13s)
✔ [9144/9580] Built NavierStokes.OutgoingProfile (9.0s)
✔ [9145/9580] Built NavierStokes.R3RieszApproximation (15s)
✔ [9146/9580] Built NavierStokes.OutgoingHistories (16s)
✔ [9147/9580] Built NavierStokes.FuturePressureBounds (9.8s)
✔ [9148/9580] Built NavierStokes.AnnularAuxiliary (4.7s)
✔ [9149/9580] Built NavierStokes.StressActivation (13s)
✔ [9150/9580] Built NavierStokes.CommonCoverWithin (12s)
✔ [9151/9580] Built NavierStokes.CopySolveCompatibility (8.7s)
✔ [9152/9580] Built NavierStokes.R3SpaceTimePressure (21s)
✔ [9153/9580] Built NavierStokes.LinearWaveBounds (14s)
✔ [9154/9580] Built NavierStokes.WaveEnvelopeTransport (10s)
✔ [9155/9580] Built NavierStokes.SharpPhysicalPhase (11s)
✔ [9156/9580] Built NavierStokes.NaturalAxisJointAnalytic (5.4s)
✔ [9157/9580] Built NavierStokes.LabelCounting (6.5s)
✔ [9158/9580] Built NavierStokes.ReferenceJetBounds (12s)
✔ [9159/9580] Built NavierStokes.CutStageEstimates (9.6s)
✔ [9160/9580] Built NavierStokes.PrimaryPulseBounds (24s)
✔ [9161/9580] Built NavierStokes.LocalScaleGeometry (5.5s)
✔ [9162/9580] Built NavierStokes.AxisPreservation (3.5s)
✔ [9163/9580] Built NavierStokes.R3.WholeSpaceUniqueness (3.5s)
✔ [9164/9580] Built NavierStokes.OutgoingDilation (6.4s)
✔ [9165/9580] Built NavierStokes.R3SpatialConvolution (10s)
✔ [9166/9580] Built NavierStokes.PulseEnergyHistory (9.1s)
✔ [9167/9580] Built NavierStokes.CorrectedPressureBounds (12s)
✔ [9168/9580] Built NavierStokes.ActivationBounds (12s)
✔ [9169/9580] Built NavierStokes.CopyAngularInvariance (9.8s)
✔ [9170/9580] Built NavierStokes.R3PressureCutoff (32s)
✔ [9171/9580] Built NavierStokes.SharpPhysicalCarrier (10s)
✔ [9172/9580] Built NavierStokes.R3WeakPressure (22s)
✔ [9173/9580] Built NavierStokes.OutgoingEntranceCone (39s)
✔ [9174/9580] Built NavierStokes.GenericDiagonalSchedule (4.2s)
✔ [9175/9580] Built NavierStokes.MixedDiagonalSchedule (6.2s)
✔ [9176/9580] Built NavierStokes.ActivationHolomorphic (12s)
✔ [9177/9580] Built NavierStokes.ReferenceBounds (23s)
✔ [9178/9580] Built NavierStokes.PrimaryFieldAssembly (9.9s)
✔ [9179/9580] Built NavierStokes.LocalScaleApproach (3.5s)
✔ [9180/9580] Built NavierStokes.R3.ViscousUniqueness (3.3s)
✔ [9181/9580] Built NavierStokes.PrimaryCovarianceBounds (10s)
✔ [9182/9580] Built NavierStokes.R3.CandidateBreakdown (3.3s)
✔ [9183/9580] Built NavierStokes.R3FiniteEnergyComparison (6.4s)
✔ [9184/9580] Built NavierStokes.HeatedOutgoing (7.9s)
✔ [9185/9580] Built NavierStokes.ActivationStocks (11s)
✔ [9186/9580] Built NavierStokes.R3SpaceTimeApproximation (13s)
✔ [9187/9580] Built NavierStokes.SharpLogWeights (4.4s)
✔ [9188/9580] Built NavierStokes.R3WeightedLp (11s)
✔ [9189/9580] Built NavierStokes.AppendixJoiningResults (7.9s)
✔ [9190/9580] Built NavierStokes.R3SmoothPressure (15s)
✔ [9191/9580] Built NavierStokes.RenormalizedHeatMoment (16s)
✔ [9192/9580] Built NavierStokes.ParticularWaveBounds (44s)
✔ [9193/9580] Built NavierStokes.ExtendedHeatedOutgoing (9.8s)
✔ [9194/9580] Built NavierStokes.ReservedPatches (6.6s)
✔ [9195/9580] Built NavierStokes.ShapedWaitBounds (49s)
✔ [9196/9580] Built NavierStokes.BasePhaseGeometry (52s)
✔ [9197/9580] Built NavierStokes.ModulatedHistories (25s)
✔ [9198/9580] Built NavierStokes.ModulatedStockBounds (6.5s)
✔ [9199/9580] Built NavierStokes.SharpPhysicalLoss (6.7s)
✔ [9200/9580] Built NavierStokes.TransitionRamp (25s)
✔ [9201/9580] Built NavierStokes.ActivationCone (36s)
✔ [9202/9580] Built NavierStokes.R3PressureFlux (7.9s)
✔ [9203/9580] Built NavierStokes.R3CutoffSobolev (15s)
✔ [9204/9580] Built NavierStokes.HeatTailHistoryLimits (10s)
✔ [9205/9580] Built NavierStokes.R3LocalizedPressure (13s)
✔ [9206/9580] Built NavierStokes.SlowResidualMatching (14s)
✔ [9207/9580] Built NavierStokes.ParticularWithinPressure (5.0s)
✔ [9208/9580] Built NavierStokes.ParticularWithinBounds (4.1s)
✔ [9209/9580] Built NavierStokes.SubcoverPeriodicity (4.2s)
✔ [9210/9580] Built NavierStokes.ScaledTangentTransport (7.1s)
✔ [9211/9580] Built NavierStokes.PrimaryMaterialDefect (11s)
✔ [9212/9580] Built NavierStokes.MeanRankUpdate (23s)
✔ [9213/9580] Built NavierStokes.ActualSlowAxis (11s)
✔ [9214/9580] Built NavierStokes.ModulatedCone (21s)
✔ [9215/9580] Built NavierStokes.ReferenceUniformJets (7.4s)
✔ [9216/9580] Built NavierStokes.NaturalExitParameterJets (8.8s)
✔ [9217/9580] Built NavierStokes.R3EnergyNorms (15s)
✔ [9218/9580] Built NavierStokes.R3SpaceTimeCalculus (13s)
✔ [9219/9580] Built NavierStokes.PulseCone (47s)
✔ [9220/9580] Built NavierStokes.AxisTailRegularity (4.9s)
✔ [9221/9580] Built NavierStokes.R3PressurePairing (7.5s)
✔ [9222/9580] Built NavierStokes.ActivationContinuation (30s)
✔ [9223/9580] Built NavierStokes.ParticularOneSided (7.3s)
✔ [9224/9580] Built NavierStokes.IntervalCopyTransport (7.4s)
✔ [9225/9580] Built NavierStokes.GlobalSlowProfiles (15s)
✔ [9226/9580] Built NavierStokes.CorrectionState (7.6s)
✔ [9227/9580] Built NavierStokes.NaturalCoefficientBridge (8.7s)
✔ [9228/9580] Built NavierStokes.ReferenceUniformStocks (8.0s)
✔ [9229/9580] Built NavierStokes.ModulatedProfileJetRates (10s)
✔ [9230/9580] Built NavierStokes.NaturalExitBounds (8.3s)
✔ [9231/9580] Built NavierStokes.PhysicalMeanDomain (19s)
✔ [9232/9580] Built NavierStokes.R3UniformBounds (7.0s)
✔ [9233/9580] Built NavierStokes.R3EnergyBoundary (9.5s)
✔ [9234/9580] Built NavierStokes.R3StressPressureEstimate (14s)
✔ [9235/9580] Built NavierStokes.R3CutoffTestFields (9.6s)
✔ [9236/9580] Built NavierStokes.R3DifferenceStress (8.5s)
✔ [9237/9580] Built NavierStokes.DefectIncrementBounds (13s)
✔ [9238/9580] Built NavierStokes.R3LocalizedPressureTests (15s)
✔ [9239/9580] Built NavierStokes.NominalProfile (26s)
✔ [9240/9580] Built NavierStokes.ErrorHarmonics (11s)
✔ [9241/9580] Built NavierStokes.LiftedMeanResidual (18s)
✔ [9242/9580] Built NavierStokes.TailCone (41s)
✔ [9243/9580] Built NavierStokes.ReferenceEndpointRate (7.9s)
✔ [9244/9580] Built NavierStokes.MeanChartCompatibility (15s)
✔ [9245/9580] Built NavierStokes.HarmonicResidual (19s)
✔ [9246/9580] Built NavierStokes.R3PhysicalPressureBound (8.6s)
✔ [9247/9580] Built NavierStokes.R3AbsorbedBoundary (10s)
✔ [9248/9580] Built NavierStokes.StateMomentBalances (12s)
✔ [9249/9580] Built NavierStokes.AssembledSlowBase (15s)
✔ [9250/9580] Built NavierStokes.MatchingDebtBounds (14s)
✔ [9251/9580] Built NavierStokes.SignedWaveUpdate (16s)
✔ [9252/9580] Built NavierStokes.OutgoingCone (17s)
✔ [9253/9580] Built NavierStokes.HarmonicCovariance (6.9s)
✔ [9254/9580] Built NavierStokes.AxisymmetricResidualGrouping (5.9s)
✔ [9255/9580] Built NavierStokes.TerminalPressure (21s)
✔ [9256/9580] Built NavierStokes.PhysicalResidualBridge (18s)
✔ [9257/9580] Built NavierStokes.StateReindex (14s)
✔ [9258/9580] Built NavierStokes.GlobalStressSupport (5.4s)
✔ [9259/9580] Built NavierStokes.ZerothStressIdentity (6.6s)
✔ [9260/9580] Built NavierStokes.HarmonicMeanInteraction (11s)
✔ [9261/9580] Built NavierStokes.OutgoingNegativeSlopeCone (6.5s)
✔ [9262/9580] Built NavierStokes.MatchingConeBounds (21s)
✔ [9263/9580] Built NavierStokes.LabelSumBounds (13s)
✔ [9264/9580] Built NavierStokes.LocalResidualGrouping (4.7s)
✔ [9265/9580] Built NavierStokes.HeatSwitchCone (22s)
✔ [9266/9580] Built NavierStokes.ParticularWaveAssembly (23s)
✔ [9267/9580] Built NavierStokes.PhysicalResidualTZ (10s)
✔ [9268/9580] Built NavierStokes.HarmonicWaveInteraction (14s)
✔ [9269/9580] Built NavierStokes.TerminalEdgeFactor (19s)
✔ [9270/9580] Built NavierStokes.PhysicalCurlCovariance (19s)
✔ [9271/9580] Built NavierStokes.UniformPrimaryWeights (10s)
✔ [9272/9580] Built NavierStokes.HeatSwitchHistoryDerivatives (6.3s)
✔ [9273/9580] Built NavierStokes.ModeSolenoidalReindex (4.6s)
✔ [9274/9580] Built NavierStokes.HarmonicStructurePreservation (5.8s)
✔ [9275/9580] Built NavierStokes.RepairConeBounds (19s)
✔ [9276/9580] Built NavierStokes.LocalSignedRequest (11s)
✔ [9277/9580] Built NavierStokes.PeriodizedWaveBounds (17s)
✔ [9278/9580] Built NavierStokes.PrimaryResidualClass (10s)
✔ [9279/9580] Built NavierStokes.TerminalEdgePaper (5.1s)
✔ [9280/9580] Built NavierStokes.TerminalCone (9.4s)
✔ [9281/9580] Built NavierStokes.ActiveAnnulusWeight (13s)
✔ [9282/9580] Built NavierStokes.SignedPhysicalSumCalculus (6.0s)
✔ [9283/9580] Built NavierStokes.SlowFirstOrderEdge (10s)
✔ [9284/9580] Built NavierStokes.UniformBlockBounds (7.4s)
✔ [9285/9580] Built NavierStokes.PhysicalClassBounds (14s)
✔ [9286/9580] Built NavierStokes.PhysicalParticularWave (21s)
✔ [9287/9580] Built NavierStokes.HarmonicSourceSupport (11s)
✔ [9288/9580] Built NavierStokes.SignedCopyBounds (17s)
✔ [9289/9580] Built NavierStokes.LocalizedWaveBounds (23s)
✔ [9290/9580] Built NavierStokes.ScheduledProfileChoice (4.5s)
✔ [9291/9580] Built NavierStokes.TerminalHistoryBridge (18s)
✔ [9292/9580] Built NavierStokes.VariableGaugeMean (44s)
✔ [9293/9580] Built NavierStokes.PhysicalCopyBounds (12s)
✔ [9294/9580] Built NavierStokes.PeriodicPhaseAssembly (10s)
✔ [9295/9580] Built NavierStokes.LocalizedGaussianBounds (12s)
✔ [9296/9580] Built NavierStokes.ParticularCopyBounds (18s)
✔ [9297/9580] Built NavierStokes.PhysicalResidualNaturality (20s)
✔ [9298/9580] Built NavierStokes.BaseResidual (34s)
✔ [9299/9580] Built NavierStokes.PreparedOutgoing (3.2s)
✔ [9300/9580] Built NavierStokes.LocalizedMeanInteraction (4.7s)
✔ [9301/9580] Built NavierStokes.LocalizedCurlRealization (5.2s)
✔ [9302/9580] Built NavierStokes.GaugeMomentBalances (8.7s)
✔ [9303/9580] Built NavierStokes.LocalRankDefect (11s)
✔ [9304/9580] Built NavierStokes.NativePrincipalEquations (5.0s)
✔ [9305/9580] Built NavierStokes.LocalPhysicalCopyBounds (11s)
✔ [9306/9580] Built NavierStokes.GaugeStateCoherence (10s)
✔ [9307/9580] Built NavierStokes.BaseExterior (11s)
✔ [9308/9580] Built NavierStokes.ActualParticularControl (21s)
✔ [9309/9580] Built NavierStokes.PhysicalSignedWave (19s)
✔ [9310/9580] Built NavierStokes.BasePrefixIdentity (8.8s)
✔ [9311/9580] Built NavierStokes.NominalConeAssembly (11s)
✔ [9312/9580] Built NavierStokes.UniformHarmonicInteraction (5.8s)
✔ [9313/9580] Built NavierStokes.GaugeAliasDecay (10s)
✔ [9314/9580] Built NavierStokes.ClosedNativeWaveIdentities (11s)
✔ [9315/9580] Built NavierStokes.MovingMomentBounds (7.4s)
✔ [9316/9580] Built NavierStokes.SharpCommonGraphJets (4.4s)
✔ [9317/9580] Built NavierStokes.RankStateBounds (5.9s)
✔ [9318/9580] Built NavierStokes.SharpPhysicalCopyBounds (5.6s)
✔ [9319/9580] Built NavierStokes.SharpGeometricModeJets (4.2s)
✔ [9320/9580] Built NavierStokes.SignedMeanGain (16s)
✔ [9321/9580] Built NavierStokes.PositiveTimeCopyFamily (3.0s)
✔ [9322/9580] Built NavierStokes.LocalHeatPressure (4.6s)
✔ [9323/9580] Built NavierStokes.CartesianCopySource (13s)
✔ [9324/9580] Built NavierStokes.PhysicalMeanJetBounds (13s)
✔ [9325/9580] Built NavierStokes.ActualPeriodizedSignedRealization (12s)
✔ [9326/9580] Built NavierStokes.ModulatedProfileAssembly (10s)
✔ [9327/9580] Built NavierStokes.MeanBoundsReindex (4.7s)
✔ [9328/9580] Built NavierStokes.GaugeMassPreservation (4.3s)
✔ [9329/9580] Built NavierStokes.MeanLocalDefectBounds (4.6s)
✔ [9330/9580] Built NavierStokes.BandReindexedSignedMeanGain (4.3s)
✔ [9331/9580] Built NavierStokes.ResidualPolarGraph (3.6s)
✔ [9332/9989] Built NavierStokes.GaugeDebtIncrement (7.1s)
✔ [9333/11421] Built NavierStokes.FirstOrderBaseEdge (7.8s)
✔ [9334/11421] Built Euler.PolynomialCostMajorant (4.7s)
✔ [9335/11421] Built NavierStokes.LeadingStressWeights (7.9s)
✔ [9336/11421] Built Euler.IsometricActionCalculus (4.5s)
✔ [9337/11421] Built NavierStokes.WaveStateRegularity (5.5s)
✔ [9338/11421] Built NavierStokes.MeanStateRegularity (6.5s)
✔ [9339/11421] Built Euler.CompactParameterIntegral (5.6s)
✔ [9340/11421] Built Euler.FiniteGradeAlgebra (4.7s)
✔ [9341/11421] Built Euler.LpBochnerRealization (4.5s)
✔ [9342/11421] Built Euler.SmoothImplicitLift (3.1s)
✔ [9343/11421] Built Euler.HilbertProductSubspaceRetraction (6.4s)
✔ [9344/11421] Built Euler.ContinuousInverseDerivative (2.7s)
✔ [9345/11421] Built Euler.GevreyCompositionPartitions (4.3s)
✔ [9346/11421] Built Euler.GevreyFlowBootstrap (5.8s)
✔ [9347/11421] Built Euler.ClosedIntervalDerivativeExtension (4.6s)
✔ [9348/11421] Built Euler.BoundedEvaluationDifferentiation (4.6s)
✔ [9349/11421] Built Euler.NonnegativeLogConvex (4.2s)
✔ [9350/11421] Built Euler.LogarithmicCutoffOptimization (4.4s)
✔ [9351/11421] Built Euler.NonnegativeImproperIntegral (3.5s)
✔ [9352/11421] Built Euler.VorticityTransport (4.9s)
✔ [9353/11421] Built Euler.FlowEscapeBound (4.7s)
✔ [9354/11421] Built Euler.CompactSupportBoundedPath (2.9s)
✔ [9355/11421] Built Euler.LocalFlowTrap (3.9s)
✔ [9356/11421] Built Euler.SolutionDefinitions (12s)
✔ [9357/11421] Built Euler.StageDisplacementBound (2.0s)
✔ [9359/11424] Built Euler.WeakHilbertODE (5.9s)
✔ [9360/11424] Built Euler.FrameWronskian (3.8s)
✔ [9361/11424] Built Euler.IsometricActionDerivativeBound (2.9s)
✔ [9362/11424] Built NavierStokes.ConstructedSlowBase (8.3s)
✔ [9363/11424] Built NavierStokes.GaugeExcludedBounds (5.9s)
✔ [9364/11424] Built NavierStokes.TorusMeanRequestRebase (5.5s)
✔ [9365/11424] Built NavierStokes.SignedCrossDefectClass (3.9s)
✔ [9366/11424] Built NavierStokes.GaugeRadialResidualBounds (6.6s)
✔ [9367/11424] Built NavierStokes.MeanStageRegularity (5.2s)
✔ [9368/11424] Built Euler.FiniteGradeDiagonal (4.3s)
✔ [9369/11424] Built Euler.FiniteGradeSupport (4.1s)
✔ [9370/11424] Built Euler.LpParameterIntegral (5.9s)
✔ [9371/11424] Built Euler.GevreyInversePartitions (6.5s)
✔ [9372/11424] Built Euler.GevreyComposition (5.8s)
✔ [9373/11424] Built Euler.GevreyGeneratingAlgebra (5.1s)
✔ [9374/11424] Built Euler.RadialPotentialL2 (7.4s)
✔ [9375/11424] Built Euler.NoIncomingVorticity (6.3s)
✔ [9376/11424] Built Euler.InitialDataBridge (7.7s)
✔ [9377/11424] Built Euler.ClassicalBridge (9.3s)
⚠ [9378/11424] Built ComparatorChallenges.NavierStokes (12s)
warning: ComparatorChallenges/NavierStokes.lean:273:8: declaration uses `sorry`
warning: ComparatorChallenges/NavierStokes.lean:280:8: declaration uses `sorry`
⚠ [9379/11424] Built ComparatorChallenges.Euler (11s)
warning: ComparatorChallenges/Euler.lean:85:8: declaration uses `sorry`
warning: ComparatorChallenges/Euler.lean:170:8: declaration uses `sorry`
✔ [9381/11424] Built NavierStokes.ModulatedExterior (7.7s)
✔ [9382/11424] Built Euler.FiniteGradeTriangular (6.8s)
✔ [9383/11424] Built NavierStokes.EntranceAlignedBase (9.5s)
✔ [9384/11424] Built NavierStokes.BaseChartJets (12s)
✔ [9385/11424] Built Euler.FiniteGradeAssembly (4.9s)
✔ [9386/11424] Built Euler.PacketResidualGrades (5.6s)
✔ [9387/11424] Built Euler.GevreyGeneratingComposition (5.4s)
✔ [9388/11424] Built Euler.GevreyInverseMap (8.0s)
✔ [9389/11424] Built Euler.CompactSmoothBounds (12s)
✔ [9390/11424] Built Euler.ComparatorTimeShift (8.8s)
✔ [9391/11424] Built Euler.WeakTimeContinuity (11s)
✔ [9392/11424] Built Euler.GevreyGeneratingDerivativesNoOptions (7.2s)
✔ [9393/11424] Built Euler.GevreyGeneratingDerivatives (6.4s)
✔ [9394/11424] Built Euler.GevreyFlowFinite (6.7s)
✔ [9395/11424] Built NavierStokes.ProfileSpectralCone (14s)
✔ [9396/11424] Built Euler.InverseMapJetContinuity (8.2s)
✔ [9397/11424] Built NavierStokes.AlignedProfileSpectralCone (6.7s)
✔ [9398/11424] Built NavierStokes.FinalSlowBase (6.4s)
✔ [9399/11424] Built NavierStokes.BaseRankPatch (6.0s)
✔ [9400/11424] Built NavierStokes.SlowBaseEndpoint (9.4s)
✔ [9401/11424] Built NavierStokes.BaseRadialJets (13s)
✔ [9402/11424] Built NavierStokes.SupportedParameterExtension (7.0s)
✔ [9403/11424] Built NavierStokes.BaseAngularGrowth (5.9s)
✔ [9404/11424] Built NavierStokes.GlobalBaseError (6.1s)
✔ [9405/11424] Built NavierStokes.PrimaryGeometryAssembly (8.6s)
✔ [9406/11424] Built NavierStokes.TailGaugePotential (11s)
✔ [9407/11424] Built NavierStokes.AllBandBaseJets (8.0s)
✔ [9408/11424] Built NavierStokes.AnnularEndpoint (11s)
✔ [9409/11424] Built NavierStokes.PhysicalStageBounds (12s)
✔ [9410/11424] Built NavierStokes.PrimaryTargetBounds (23s)
✔ [9411/11424] Built NavierStokes.LocalHeatExterior (8.8s)
✔ [9412/11424] Built NavierStokes.ActualBaseVelocityBounds (10s)
✔ [9413/11424] Built NavierStokes.LocalJetBounds (7.1s)
✔ [9414/11424] Built NavierStokes.WholeDomainPhysicalCompact (9.0s)
✔ [9415/11424] Built NavierStokes.OffplaneCorrectionExtensions (16s)
✔ [9416/11424] Built NavierStokes.PhysicalResidualJetBounds (20s)
✔ [9417/11424] Built NavierStokes.WaveDataReindex (6.1s)
✔ [9418/11424] Built NavierStokes.ActualIterationLedger (9.3s)
✔ [9419/11424] Built NavierStokes.SharpWaveStageBounds (8.1s)
✔ [9420/11424] Built NavierStokes.SharpPhysicalLogBounds (5.8s)
✔ [9421/11424] Built NavierStokes.WholeDomainHeatGeometry (9.6s)
✔ [9422/11424] Built NavierStokes.BaseContextAssembly (16s)
✔ [9423/11424] Built NavierStokes.PrimaryCopyBounds (22s)
✔ [9424/11424] Built NavierStokes.MixedDiagonalExtensions (8.9s)
✔ [9425/11424] Built NavierStokes.DirectAngularDiagonal (12s)
✔ [9426/11424] Built NavierStokes.WholeDomainHeatCompact (5.3s)
✔ [9427/11424] Built NavierStokes.WholeDomainHeatScaling (7.0s)
✔ [9428/11424] Built NavierStokes.BaseStressClasses (8.2s)
✔ [9429/11424] Built NavierStokes.ValidDyadicBandCover (8.4s)
✔ [9430/11424] Built NavierStokes.WaveEdgeExtension (13s)
✔ [9431/11424] Built NavierStokes.LocalHeatFormula (6.3s)
✔ [9432/11424] Built NavierStokes.ActualSignedControl (17s)
✔ [9433/11424] Built NavierStokes.MixedAxisPreservation (8.4s)
✔ [9434/11424] Built NavierStokes.WholeDomainHeatBounds (7.7s)
✔ [9435/11424] Built NavierStokes.MixedPeriodicAssembly (8.5s)
✔ [9436/11424] Built NavierStokes.CommonBaseContext (10s)
✔ [9437/11424] Built NavierStokes.LocalAngularDiagonal (6.8s)
✔ [9438/11424] Built NavierStokes.ActualBasePressureBounds (8.1s)
✔ [9439/11424] Built NavierStokes.CandidateConsequences (8.0s)
✔ [9440/11424] Built NavierStokes.MixedDiagonalResidual (7.1s)
✔ [9441/11424] Built NavierStokes.ActualCorrectionModels (17s)
✔ [9442/11424] Built NavierStokes.ActualSignedGeometry (23s)
✔ [9443/11424] Built NavierStokes.WholeDomainBaseBounds (5.4s)
✔ [9444/11424] Built NavierStokes.MixedCandidateAssembly (6.2s)
✔ [9445/11424] Built NavierStokes.ActualBaseResidual (18s)
✔ [9446/11424] Built NavierStokes.SignedRequestContinuation (8.2s)
✔ [9447/11424] Built NavierStokes.NativeBandExtension (12s)
✔ [9448/11424] Built NavierStokes.ActualSignedPhysicalData (21s)
✔ [9449/11424] Built NavierStokes.ScaledActualParticularControl (13s)
✔ [9450/11424] Built NavierStokes.MixedCandidateWitness (3.0s)
✔ [9451/11424] Built NavierStokes.TemporalStateCoherence (63s)
✔ [9452/11424] Built NavierStokes.MixedFiniteBackground (3.8s)
✔ [9453/11424] Built NavierStokes.SupportedActualContext (5.0s)
✔ [9454/11424] Built NavierStokes.FlatDyadicExtension (6.2s)
✔ [9455/11424] Built NavierStokes.CurrentPhysicalChartJets (6.5s)
✔ [9456/11424] Built NavierStokes.DependentSignedPhysicalFamily (6.4s)
✔ [9457/11424] Built NavierStokes.ScaledParticularFrameJets (6.4s)
✔ [9458/11424] Built Euler.EulerProof (368s)
✔ [9459/11424] Built NavierStokes.GermCandidateAssembly (5.8s)
✔ [9460/11424] Built NavierStokes.ActualGaussianCoverage (10s)
✔ [9461/11424] Built NavierStokes.WholeDomainPrefixBounds (3.1s)
✔ [9462/11424] Built NavierStokes.InitializedPhysicalBackground (5.0s)
✔ [9463/11424] Built NavierStokes.RankStateCoherence (10s)
✔ [9464/11424] Built NavierStokes.GenericRealizationBounds (4.5s)
✔ [9465/11424] Built Euler.PacketShiftArithmeticNoOptions (4.1s)
✔ [9466/11424] Built Euler.PacketSourceScaleBounds (4.0s)
✔ [9467/11424] Built Euler.OrdinaryQuadraticStability (5.0s)
✔ [9468/11424] Built NavierStokes.MeanStageContinuation (8.9s)
✔ [9469/11424] Built Euler.PacketReferenceRatio (3.7s)
✔ [9470/11424] Built Euler.PacketScalarUniqueness (3.8s)
✔ [9471/11424] Built Euler.PacketIdealSize (4.0s)
✔ [9472/11424] Built Euler.PacketCoefficientMotion (3.4s)
✔ [9473/11424] Built Euler.PacketScaledVelocityAlgebra (5.9s)
✔ [9474/11424] Built Euler.MetricHeatEnergy (6.4s)
✔ [9475/11424] Built Euler.ResolventCalculus (3.6s)
✔ [9476/11424] Built Euler.PacketPhysicalEulerTransform (8.4s)
✔ [9477/11424] Built Euler.BoundedLipschitzFlow (3.7s)
✔ [9478/11424] Built Euler.IntegralEnergyBootstrap (10s)
✔ [9479/11424] Built Euler.PacketShiftArithmetic (3.5s)
✔ [9480/11424] Built Euler.CylinderMeasureDescent (4.3s)
✔ [9481/11424] Built Euler.GeneralCylinderAlgebra (5.4s)
✔ [9482/11424] Built Euler.GaussianCylinderHeat (6.2s)
✔ [9483/11424] Built Euler.PacketCrossProduct (5.3s)
✔ [9484/11424] Built Euler.DirichletEndpointReduction (6.1s)
✔ [9485/11424] Built Euler.CoerciveEndpointBounds (8.4s)
✔ [9486/11424] Built Euler.LpSupportedSubspace (6.5s)
✔ [9487/11424] Built Euler.ClassicalPressureCurl (8.4s)
✔ [9488/11424] Built Euler.PacketPointJets (8.9s)
✔ [9489/11424] Built Euler.PacketMajorantShift (4.8s)
✔ [9490/11424] Built Euler.MeanCutoffCurlBound (9.1s)
✔ [9491/11424] Built Euler.H6Pressure (9.1s)
✔ [9492/11424] Built Euler.MeanSolenoidalSpace (11s)
✔ [9493/11424] Built Euler.ClosedTranslationGraph (6.0s)
✔ [9494/11424] Built NavierStokes.NativeCutoffJets (3.8s)
✔ [9495/11424] Built NavierStokes.LabelSupportPreservation (6.3s)
✔ [9496/11424] Built NavierStokes.GenericSupportedPolynomial (4.0s)
✔ [9497/11424] Built Euler.PacketFrameRenewalAlgebra (4.5s)
✔ [9498/11424] Built Euler.PacketSourceScaleChoice (5.3s)
✔ [9499/11424] Built Euler.EulerSpatialRescaling (4.5s)
✔ [9500/11424] Built Euler.HilbertQuadraticFlow (6.1s)
✔ [9501/11424] Built Euler.PacketParentFlowDifferentiation (6.5s)
✔ [9502/11424] Built Euler.BoundedFlowContinuity (3.9s)
✔ [9503/11424] Built Euler.FiniteMetricEnergy (8.6s)
✔ [9504/11424] Built Euler.CylinderCoverDescent (3.2s)
✔ [9505/11424] Built Euler.GeneralRealCylinderAlgebra (3.9s)
✔ [9506/11424] Built Euler.PacketPotentialMultiplier (5.6s)
✔ [9507/11424] Built Euler.PacketNormalizedPrimary (5.0s)
✔ [9508/11424] Built Euler.GraphPressurePotential (4.6s)
✔ [9509/11424] Built Euler.ClassicalDivergence (5.0s)
✔ [9510/11424] Built Euler.LpSupportedMultiplier (11s)
✔ [9511/11424] Built Euler.PacketJetAssembly (3.0s)
✔ [9512/11424] Built Euler.LpOperatorField (12s)
✔ [9513/11424] Built Euler.PacketMomentumExpansion (4.9s)
✔ [9514/11424] Built Euler.PacketTriangular (5.3s)
✔ [9515/11424] Built Euler.PacketCoarseMajorant (4.3s)
✔ [9516/11424] Built Euler.PacketSlicedJets (5.0s)
✔ [9517/11424] Built Euler.H6PressureCommutator (6.2s)
✔ [9518/11424] Built Euler.CoefficientJetPressureBounds (6.0s)
✔ [9519/11424] Built Euler.FiniteEnergyTruncation (10s)
✔ [9520/11424] Built Euler.MeanGradientTestSpace (6.8s)
✔ [9521/11424] Built Euler.MeanHarmonicEnergy (4.5s)
✔ [9522/11424] Built Euler.MeanWeakCurl (5.6s)
✔ [9523/11424] Built Euler.LpDerivativeMap (5.2s)
✔ [9524/11424] Built Euler.MeanSolenoidalTranslation (5.1s)
✔ [9525/11424] Built Euler.GaussianHeatDerivative (6.6s)
✔ [9526/11424] Built Euler.CylinderSobolevSpace (9.5s)
✔ [9527/11424] Built NavierStokes.ScalarParticularSupport (4.7s)
✔ [9528/11424] Built Euler.MeanCoefficientMultipliers (12s)
✔ [9529/11424] Built NavierStokes.GenericRealization (5.4s)
✔ [9530/11424] Built NavierStokes.GenericSupportLocalCoefficients (5.2s)
✔ [9531/11424] Built NavierStokes.GenericFactorSupport (5.1s)
✔ [9532/11424] Built Euler.PacketSourceScaleSequence (5.7s)
✔ [9533/11424] Built Euler.EulerTimeRescaling (6.0s)
✔ [9534/11424] Built Euler.BoundedFlowPeriodicity (5.8s)
✔ [9535/11424] Built Euler.FiniteIntervalFlow (4.2s)
✔ [9536/11424] Built Euler.GraphInvariantFlow (4.9s)
✔ [9537/11424] Built NavierStokes.WaveStageContinuation (32s)
✔ [9538/11424] Built Euler.CylinderViscousEnergy (5.6s)
✔ [9539/11424] Built Euler.BaseWordMetric (4.1s)
✔ [9540/11424] Built Euler.CylinderDescentJets (4.6s)
✔ [9541/11424] Built Euler.H5CylinderAlgebra (4.7s)
✔ [9542/11424] Built Euler.CanonicalGraphPotential (4.1s)
✔ [9543/11424] Built Euler.PacketMovingFrame (7.5s)
✔ [9544/11424] Built Euler.GraphDivergence (3.0s)
✔ [9545/11424] Built Euler.CylinderClassicalSolenoidal (4.9s)
✔ [9546/11424] Built Euler.PacketTailBound (3.7s)
✔ [9547/11424] Built Euler.PacketLowGrades (4.1s)
✔ [9548/11424] Built Euler.PacketTailBase (4.9s)
✔ [9549/11424] Built Euler.PacketPressureJet (4.0s)
✔ [9550/11424] Built Euler.H6PressureInverse (4.3s)
✔ [9551/11424] Built Euler.TruncationFamilySmooth (5.9s)
✔ [9552/11424] Built Euler.MeanHarmonicLaplacian (5.7s)
✔ [9553/11424] Built Euler.CompactPressurePairing (5.5s)
✔ [9554/11424] Built Euler.LpDominatedConvergence (5.5s)
✔ [9555/11424] Built Euler.MeanBoundaryOperator (14s)
✔ [9556/11424] Built Euler.LpDerivativeBundling (9.1s)
✔ [9557/11424] Built Euler.MeanSolenoidalReflection (7.3s)
✔ [9558/11424] Built Euler.GaussianHeatSmoothing (6.6s)
✔ [9559/11424] Built Euler.CylinderSobolevOperators (8.9s)
✔ [9560/11424] Built Euler.VolterraConvolution (5.5s)
✔ [9561/11424] Built Euler.LpTranslation (20s)
✔ [9562/11424] Built NavierStokes.GenericSolenoidalRealization (5.8s)
✔ [9563/11424] Built Euler.PacketUniformFrequencyScales (5.1s)
✔ [9564/11424] Built Euler.PacketSourceScaleActual (6.2s)
✔ [9565/11424] Built Euler.PacketBaseGuardScales (3.3s)
✔ [9566/11424] Built NavierStokes.CorrectionStep (84s)
✔ [9567/11424] Built Euler.CylinderPeriodicFlow (3.5s)
✔ [9568/11424] Built Euler.GraphVelocityTrace (3.0s)
✔ [9569/11424] Built Euler.MetricRootLimit (3.9s)
✔ [9570/11424] Built Euler.H5RealCylinderAlgebra (4.2s)
✔ [9571/11424] Built Euler.CylinderJetGraphTrace (5.0s)
✔ [9572/11424] Built Euler.MeanPressurePotential (5.8s)
✔ [9573/11424] Built Euler.PacketMovingRay (4.8s)
✔ [9574/11424] Built Euler.PacketExponentialTail (4.5s)
✔ [9575/11424] Built Euler.PacketRecursionAlgebra (4.5s)
✔ [9576/11424] Built Euler.PacketFrameCoefficients (6.7s)
✔ [9577/11424] Built Euler.PacketSlicedAssembly (5.0s)
✔ [9578/11424] Built Euler.PacketSlicedResidual (4.9s)
✔ [9579/11424] Built Euler.MeanScalarProductDerivatives (4.3s)
✔ [9580/11424] Built Euler.H6PressureConstants (4.6s)
✔ [9581/11424] Built Euler.MeanScalarSobolev (5.2s)
✔ [9582/11424] Built Euler.MeanHarmonicDerivatives (3.7s)
✔ [9583/11424] Built Euler.CurlMatrixSymmetry (4.2s)
✔ [9584/11424] Built Euler.CurlSupport (3.0s)
✔ [9585/11424] Built Euler.LpPointwiseMultiplier (5.9s)
✔ [9586/11424] Built Euler.MeanScaledCutoff (4.2s)
✔ [9587/11424] Built Euler.CurlTimeDerivative (8.6s)
✔ [9588/11424] Built Euler.PacketPiolaAlgebra (6.5s)
✔ [9589/11424] Built Euler.MeanCurlTensor (7.4s)
✔ [9590/11424] Built Euler.LpDominatedDerivative (7.1s)
✔ [9591/11424] Built Euler.LpMultilinearBundling (7.9s)
✔ [9592/11424] Built Euler.GaussianHeatTotal (8.1s)
✔ [9593/11424] Built Euler.MeanBoundaryMixed (14s)
✔ [9594/11424] Built Euler.CylinderAnglePrimitive (5.5s)
✔ [9595/11424] Built Euler.CylinderSobolevDensity (4.6s)
✔ [9596/11424] Built Euler.CylinderSobolevDerivatives (7.6s)
✔ [9597/11424] Built Euler.SobolevCoefficientPressure (8.9s)
✔ [9598/11424] Built Euler.IntegralPathLimit (4.3s)
✔ [9599/11424] Built Euler.TimeLp (4.2s)
✔ [9600/11424] Built Euler.VolterraFixedPoint (5.7s)
✔ [9601/11424] Built NavierStokes.GenericAngularRecovery (4.6s)
✔ [9602/11424] Built Euler.PacketSourceScaleFromCosts (4.1s)
✔ [9603/11424] Built Euler.PacketSourceParameterScales (3.9s)
✔ [9604/11424] Built Euler.PacketSourceScaleGuards (6.5s)
✔ [9605/11424] Built NavierStokes.GenericVelocityRates (7.3s)
✔ [9606/11424] Built Euler.PacketLowBoundPropagation (4.1s)
✔ [9607/11424] Built NavierStokes.CycleContinuationInvariant (6.7s)
✔ [9608/11424] Built NavierStokes.GaussianErrorNaturality (10s)
✔ [9609/11424] Built NavierStokes.CrossBasedMeanComposition (22s)
✔ [9610/11424] Built NavierStokes.ActualWaveRegularity (14s)
✔ [9611/11424] Built NavierStokes.CycleStateCoherence (9.2s)
✔ [9612/11424] Built NavierStokes.CyclePhysicalPrefixes (10s)
✔ [9613/11424] Built NavierStokes.ActualCycleExcluded (8.8s)
✔ [9614/11424] Built Euler.WeightedRootLimit (10s)
✔ [9615/11424] Built Euler.PacketMovingVelocity (10s)
✔ [9616/11424] Built Euler.PacketScaledRay (7.9s)
✔ [9617/11424] Built Euler.PacketFiniteFrequencyBounds (8.2s)
✔ [9618/11424] Built Euler.UnshiftedPressure (6.6s)
✔ [9619/11424] Built Euler.H6NonlinearProduct (6.7s)
✔ [9620/11424] Built Euler.MeanHarmonicCutoffEnergy (5.5s)
✔ [9621/11424] Built Euler.MeanBoundaryPhysicalSupport (4.3s)
✔ [9622/11424] Built Euler.CompactCurlBounds (5.0s)
✔ [9623/11424] Built Euler.PacketVolumeDivergence (6.8s)
✔ [9624/11424] Built Euler.MeanVectorIdentities (4.9s)
✔ [9625/11424] Built NavierStokes.CorrectionInitialization (81s)
✔ [9626/11424] Built NavierStokes.CorrectionInitializationNoOptions (81s)
✔ [9627/11424] Built Euler.LpCompactTranslation (4.9s)
✔ [9628/11424] Built Euler.GaussianHeatGenerator (7.8s)
✔ [9629/11424] Built Euler.LpSmoothFamily (9.6s)
✔ [9630/11424] Built Euler.LpFiniteTensorReconstruction (9.5s)
✔ [9631/11424] Built Euler.MeanBoundaryReflection (8.9s)
✔ [9632/11424] Built Euler.MeanBoundaryTranslation (10s)
✔ [9633/11424] Built Euler.SobolevTranslationDifferentiation (7.8s)
✔ [9634/11424] Built Euler.SobolevOperatorCoordinates (9.7s)
✔ [9635/11424] Built Euler.SobolevSmoothing (12s)
✔ [9636/11424] Built Euler.InjectivePathDerivative (3.0s)
✔ [9637/11424] Built Euler.TimeLpPairing (4.0s)
✔ [9638/11424] Built Euler.FamilyNormTime (5.3s)
✔ [9639/11424] Built Euler.CylinderReflection (10s)
✔ [9640/11424] Built Euler.SobolevPressureResolvent (9.8s)
✔ [9641/11424] Built Euler.QuadraticCauchy (3.2s)
✔ [9642/11424] Built Euler.PacketSourceScaleShift (3.1s)
✔ [9643/11424] Built Euler.TimeLpMap (4.3s)
✔ [9644/11424] Built Euler.PacketInitialScaleSummability (4.4s)
✔ [9645/11424] Built Euler.PacketNestedHorizons (3.8s)
✔ [9646/11424] Built Euler.ParentRenewalPrefix (3.6s)
✔ [9647/11424] Built NavierStokes.GenericTupleRealization (8.3s)
✔ [9648/11424] Built Euler.WeightedCylinderEnergy (6.0s)
✔ [9649/11424] Built Euler.PacketOrientedCoordinates (5.7s)
✔ [9650/11424] Built NavierStokes.ActualParticularRealization (10s)
✔ [9651/11424] Built Euler.PacketPropagationTime (3.7s)
✔ [9652/11424] Built Euler.PacketTangentInvariant (4.3s)
✔ [9653/11424] Built Euler.PacketPhysicalCoefficients (5.5s)
✔ [9654/11424] Built Euler.PacketScaledVelocity (3.9s)
✔ [9655/11424] Built Euler.PressureCommutatorWeights (3.6s)
✔ [9656/11424] Built Euler.CylinderSobolevEmbedding (3.6s)
✔ [9657/11424] Built Euler.MixedH5Product (3.8s)
✔ [9658/11424] Built Euler.MeanInteriorCutoffs (4.8s)
✔ [9659/11424] Built Euler.H6TransportSource (7.3s)
✔ [9660/11424] Built Euler.CurlTransportAlgebra (6.4s)
✔ [9661/11424] Built Euler.MeanCurlIntegration (8.6s)
✔ [9662/11424] Built NavierStokes.ActualMeanPotentialRealization (11s)
✔ [9663/11424] Built Euler.LpSpatialCutoff (13s)
✔ [9664/11424] Built NavierStokes.ActualPrimaryCovariance (30s)
✔ [9665/11424] Built Euler.StrongOperatorDerivative (8.7s)
✔ [9666/11424] Built Euler.LpSmoothFamilyJets (4.5s)
✔ [9667/11424] Built Euler.TensorCoordinateEnergyBound (4.7s)
✔ [9668/11424] Built NavierStokes.ActualPhaseDefect (36s)
✔ [9669/11424] Built NavierStokes.ActualPrimaryCoherence (33s)
✔ [9670/11424] Built Euler.InjectivePathDerivativeWithin (3.3s)
✔ [9671/11424] Built Euler.SobolevRestriction (6.4s)
✔ [9672/11424] Built Euler.MeanBoundaryDifference (7.3s)
✔ [9673/11424] Built Euler.SobolevHeat (6.2s)
✔ [9674/11424] Built Euler.TimeLpSubinterval (4.1s)
✔ [9675/11424] Built Euler.FiniteQuadraticCauchy (3.9s)
✔ [9676/11424] Built Euler.GradientReflection (4.4s)
✔ [9677/11424] Built Euler.TimeLpObservation (4.1s)
✔ [9678/11424] Built Euler.SobolevPressureTime (7.0s)
✔ [9679/11424] Built Euler.TimeLpLinearity (3.7s)
✔ [9680/11424] Built Euler.TimeLpStrongOperators (3.0s)
✔ [9681/11424] Built Euler.TimeLpMultiplier (5.5s)
✔ [9682/11424] Built Euler.ParentHistoryFrequencyGuard (4.3s)
✔ [9683/11424] Built Euler.MetricPathConvergence (5.0s)
✔ [9684/11424] Built NavierStokes.GenericTupleSupport (5.5s)
✔ [9685/11424] Built Euler.WeightedForcingAlgebra (4.1s)
✔ [9686/11424] Built Euler.PacketMatrixContinuity (3.9s)
✔ [9687/11424] Built Euler.PacketShearMotion (5.5s)
✔ [9688/11424] Built Euler.PacketPhysicalSize (4.2s)
✔ [9689/11424] Built Euler.PacketScaledVelocitySystem (4.4s)
✔ [9690/11424] Built Euler.PacketInitialGeometry (3.0s)
✔ [9691/11424] Built Euler.SobolevPointEvaluation (5.1s)
✔ [9692/11424] Built Euler.MixedWordProduct (4.9s)
✔ [9693/11424] Built Euler.SobolevL2Product (7.8s)
✔ [9694/11424] Built Euler.MeanHarmonicInteriorEnergy (4.7s)
✔ [9695/11424] Built Euler.H6NonlinearPressure (4.1s)
✔ [9696/11424] Built Euler.MeanHarmonicDecomposition (4.5s)
✔ [9697/11424] Built Euler.DivCurlRecovery (8.3s)
✔ [9698/11424] Built Euler.LpSmoothApproximation (7.4s)
✔ [9699/11424] Built Euler.ScalarEulerVorticity (10s)
✔ [9700/11424] Built Euler.CylinderHeatEquation (6.5s)
✔ [9701/11424] Built Euler.SobolevInterpolation (6.5s)
✔ [9702/11424] Built NavierStokes.ActualInitialCoherence (11s)
✔ [9703/11424] Built Euler.MeanCutoffDifferenceBound (9.0s)
✔ [9704/11424] Built NavierStokes.ActualPrimaryDynamics (17s)
✔ [9705/11424] Built Euler.SobolevWordBlocks (8.4s)
✔ [9706/11424] Built NavierStokes.ActualPrimaryBounds (22s)
✔ [9707/11424] Built Euler.SobolevHeatKernel (7.3s)
✔ [9708/11424] Built Euler.TimeFamily (4.6s)
✔ [9709/11424] Built Euler.SobolevReflection (7.7s)
✔ [9710/11424] Built Euler.SobolevSmoothApproximation (12s)
✔ [9711/11424] Built Euler.TransverseVariationalOperator (6.1s)
✔ [9712/11424] Built Euler.TerminalTimePrimitive (8.3s)
✔ [9713/11424] Built Euler.TimeForcingRepresentative (4.3s)
✔ [9714/11424] Built Euler.TimePathApply (4.0s)
✔ [9715/11424] Built Euler.WeightedForcingTime (3.8s)
✔ [9716/11424] Built NavierStokes.GenericSummationRealization (3.9s)
✔ [9717/11424] Built Euler.PacketPhysicalCompression (4.4s)
✔ [9718/11424] Built Euler.PacketPhysicalFrameRenewal (4.2s)
✔ [9719/11424] Built Euler.PacketWithinStage (3.8s)
✔ [9720/11424] Built Euler.SobolevPointMultiplication (3.3s)
✔ [9721/11424] Built Euler.BaseTransportCommutator (4.1s)
✔ [9722/11424] Built Euler.SobolevJointEvaluation (4.9s)
✔ [9723/11424] Built Euler.MeanHarmonicH2 (6.6s)
✔ [9724/11424] Built Euler.CompactSpatialJets (4.7s)
✔ [9725/11424] Built Euler.OrdinarySobolevL4 (7.0s)
✔ [9726/11424] Built Euler.SobolevProductJet (11s)
✔ [9727/11424] Built Euler.ReversedVorticityTransport (7.3s)
✔ [9728/11424] Built Euler.CylinderHeatLaplacian (5.2s)
✔ [9729/11424] Built NavierStokes.ActualInitialMeanEquation (7.0s)
✔ [9730/11424] Built Euler.SobolevPathInterpolation (11s)
✔ [9731/11424] Built Euler.MeanCutoffTaylor (8.3s)
✔ [9732/11424] Built Euler.LpSmoothField (16s)
✔ [9733/11424] Built Euler.SobolevWordBlockCoordinates (4.6s)
✔ [9734/11424] Built NavierStokes.ActualSignedDynamics (7.7s)
✔ [9735/11424] Built NavierStokes.ActualInitialMean (7.2s)
✔ [9736/11424] Built NavierStokes.InitialNativeRegularity (5.4s)
✔ [9737/11424] Built NavierStokes.ActualParticularBackground (6.3s)
✔ [9738/11424] Built Euler.VolterraUniqueness (5.8s)
✔ [9739/11424] Built NavierStokes.ActualPhaseJetBounds (10s)
✔ [9740/11424] Built Euler.HilbertCoerciveTransport (3.9s)
✔ [9741/11424] Built Euler.SobolevHeatVolterra (6.1s)
✔ [9742/11424] Built NavierStokes.InitialHarmonicContinuation (21s)
✔ [9743/11424] Built Euler.MeanVariationalOperator (6.6s)
✔ [9744/11424] Built Euler.TransverseFrameCoordinates (5.7s)
✔ [9745/11424] Built Euler.HilbertCoerciveParameter (4.9s)
✔ [9746/11424] Built Euler.TransverseGramInverse (9.3s)
✔ [9747/11424] Built Euler.InitialTimePrimitive (5.2s)
✔ [9748/11424] Built Euler.AngleMeanZeroPrimitive (3.9s)
✔ [9749/11424] Built Euler.TimeLpBoundedMap (6.7s)
✔ [9750/11424] Built Euler.TimeH1PointwiseBounds (4.4s)
✔ [9751/11424] Built Euler.TimeWeakDerivative (5.2s)
✔ [9752/11424] Built NavierStokes.GenericSupportLocalSummation (5.9s)
✔ [9753/11424] Built Euler.PacketPhysicalNormBounds (4.8s)
✔ [9754/11424] Built Euler.TimeH1OperatorProduct (7.8s)
✔ [9755/11424] Built Euler.PacketActualFrameEstimates (4.3s)
✔ [9756/11424] Built Euler.PacketWithinRay (3.2s)
✔ [9757/11424] Built Euler.ExternalScalarCommutator (4.3s)
✔ [9758/11424] Built Euler.PacketNeighborStability (5.4s)
✔ [9759/11424] Built Euler.MeanHarmonicInterior (3.0s)
✔ [9760/11424] Built Euler.ComparatorUniformSpatialJets (7.5s)
✔ [9761/11424] Built Euler.SobolevHeatGenerator (7.8s)
✔ [9762/11424] Built Euler.SobolevSmoothProduct (10s)
✔ [9763/11424] Built Euler.DivCurlTensorRecovery (7.4s)
✔ [9764/11424] Built NavierStokes.CycleMeanEquation (16s)
✔ [9765/11424] Built Euler.SobolevCauchyInterpolation (13s)
✔ [9766/11424] Built Euler.ProjectedEulerPairing (10s)
✔ [9767/11424] Built Euler.WholeSpaceGaussian (4.4s)
✔ [9768/11424] Built Euler.DevelopmentBridge (6.6s)
✔ [9769/11424] Built Euler.LpSmoothFieldJets (8.8s)
✔ [9770/11424] Built Euler.MeanCoefficientSpatial (7.9s)
✔ [9771/11424] Built Euler.SobolevTopBlocks (10s)
✔ [9772/11424] Built Euler.MeanBoundaryDerivative (17s)
✔ [9773/11424] Built Euler.DivergenceFreeHeat (13s)
✔ [9774/11424] Built Euler.QuadraticSource (7.7s)
✔ [9775/11424] Built NavierStokes.ActualInitialExcluded (19s)
✔ [9776/11424] Built Euler.TransverseVariationalInverse (12s)
✔ [9777/11424] Built Euler.HilbertCoerciveGevrey (18s)
✔ [9778/11424] Built Euler.PacketPiola (7.9s)
✔ [9779/11424] Built NavierStokes.ActualSignedStageControls (44s)
✔ [9780/11424] Built Euler.MeanVariationalInverse (26s)
✔ [9781/11424] Built Euler.PacketPotentialNormalMap (6.9s)
✔ [9782/11424] Built Euler.GramNaturality (7.0s)
✔ [9783/11424] Built Euler.AnglePrimitiveSpatialRegularity (3.8s)
✔ [9784/11424] Built Euler.TerminalLayerRamp (4.3s)
✔ [9785/11424] Built Euler.AnglePrimitiveBounds (3.7s)
✔ [9786/11424] Built Euler.PeriodicDerivativeMean (3.4s)
✔ [9787/11424] Built Euler.AnglePrimitiveMap (3.2s)
✔ [9788/11424] Built Euler.AnglePrimitiveTranslation (3.1s)
✔ [9789/11424] Built Euler.TimeLpStrongContinuity (3.5s)
✔ [9790/11424] Built Euler.TimeH1ContinuousDerivative (3.5s)
✔ [9791/11424] Built Euler.TimeH1WeakPairing (3.6s)
✔ [9792/11424] Built Euler.TimeWeakBoundary (3.9s)
✔ [9793/11424] Built Euler.PacketTangentNorm (3.7s)
✔ [9794/11424] Built Euler.PacketTargetAmplification (4.5s)
✔ [9795/11424] Built Euler.TimeLpCoefficientMap (13s)
✔ [9796/11424] Built Euler.TransverseGramPath (13s)
✔ [9797/11424] Built Euler.LinearDuhamel (10s)
✔ [9798/11424] Built Euler.MeanCoefficientTime (14s)
✔ [9799/11424] Built Euler.ContinuousTimeIntegral (5.3s)
✔ [9800/11424] Built Euler.TimeH1FieldProduct (5.5s)
✔ [9801/11424] Built Euler.PacketPhysicalSign (7.4s)
✔ [9802/11424] Built Euler.ExternalTransportCommutator (3.0s)
✔ [9803/11424] Built Euler.PacketVelocityPropagator (4.3s)
✔ [9804/11424] Built Euler.PacketPhysicalStage (7.3s)
✔ [9805/11424] Built Euler.MeanHarmonicSmallBall (3.9s)
✔ [9806/11424] Built Euler.PacketNeighborControlled (6.0s)
✔ [9807/11424] Built Euler.ViscosityDefect (5.1s)
✔ [9808/11424] Built Euler.PacketSizeComparison (18s)
✔ [9809/11424] Built Euler.HeatAllOrders (5.1s)
✔ [9810/11424] Built Euler.DuhamelDifferentiation (7.2s)
✔ [9811/11424] Built Euler.SobolevProductApproximation (8.8s)
✔ [9812/11424] Built Euler.WholeSpaceGaussianKernel (5.7s)
✔ [9813/11424] Built NavierStokes.CorrectionAnalyticStep (13s)
✔ [9814/11424] Built Euler.TopBlockTimeNorm (8.6s)
✔ [9815/11424] Built Euler.LpSmoothFieldAlgebra (14s)
✔ [9816/11424] Built Euler.BoundedCoefficientSmooth (11s)
✔ [9817/11424] Built Euler.SobolevWordConstraints (4.5s)
✔ [9818/11424] Built Euler.QuadraticCoefficients (6.8s)
✔ [9819/11424] Built NavierStokes.ActualCarrierGeometry (8.8s)
✔ [9820/11424] Built Euler.MeanBoundaryFrechet (16s)
✔ [9821/11424] Built NavierStokes.ActualInitialization (14s)
✔ [9822/11424] Built Euler.TransverseEndpointEnergy (12s)
✔ [9823/11424] Built Euler.TransverseMomentumRegularity (8.3s)
✔ [9824/11424] Built Euler.BoundedInverseGevrey (4.0s)
✔ [9825/11424] Built Euler.PacketLiftedCurl (5.6s)
✔ [9826/11424] Built Euler.OperatorGevreyCalculus (6.7s)
✔ [9827/11424] Built Euler.FrozenEvolutionGevrey (16s)
✔ [9828/11424] Built Euler.PacketNormalTimeMap (6.1s)
✔ [9829/11424] Built Euler.PacketAngularPotential (3.9s)
✔ [9830/11424] Built Euler.PacketKnownGrade (4.6s)
✔ [9831/11424] Built Euler.TerminalProjectionTrial (11s)
✔ [9832/11424] Built Euler.AnglePrimitiveParity (4.1s)
✔ [9833/11424] Built Euler.AnglePrimitiveKernel (4.1s)
✔ [9834/11424] Built Euler.MeanDisplacementRegularity (21s)
✔ [9835/11424] Built Euler.TimeIntervalGlue (4.1s)
✔ [9836/11424] Built Euler.MeanTimeTranslation (6.5s)
✔ [9837/11424] Built Euler.LinearDuhamelNaturality (4.3s)
✔ [9838/11424] Built Euler.LinearFundamentalExistence (5.0s)
✔ [9839/11424] Built Euler.TransverseStrongAlgebra (9.7s)
✔ [9840/11424] Built Euler.MeanCoefficientFrame (7.4s)
✔ [9841/11424] Built Euler.LinearDuhamelOperator (6.5s)
✔ [9842/11424] Built Euler.IntervalPathConcatenation (4.8s)
✔ [9843/11424] Built Euler.TimeContinuousPrimitive (4.3s)
✔ [9844/11424] Built Euler.BoundedPathFamily (4.2s)
✔ [9845/11424] Built Euler.SeparatingTimeDerivative (4.1s)
✔ [9846/11424] Built Euler.ContinuousTimeWeight (4.4s)
✔ [9847/11424] Built Euler.FinitePathTensor (13s)
✔ [9848/11424] Built Euler.BoundedFieldTimeDerivative (3.8s)
✔ [9849/11424] Built Euler.TransverseInitialCoordinates (5.8s)
✔ [9850/11424] Built Euler.LowerTransportSource (4.7s)
✔ [9851/11424] Built Euler.MeanLocalL2Energy (4.5s)
✔ [9852/11424] Built Euler.InitialH1OperatorProduct (7.3s)
✔ [9853/11424] Built Euler.MeanHarmonicScaling (4.8s)
✔ [9854/11424] Built Euler.PacketControlledPropagator (4.6s)
✔ [9855/11424] Built Euler.MeanScalarMollification (8.2s)
✔ [9856/11424] Built Euler.PacketPhysicalNeighbor (8.2s)
✔ [9857/11424] Built Euler.PacketBeforeTargetSize (4.4s)
✔ [9858/11424] Built Euler.SmoothInequalityTransfer (3.6s)
✔ [9859/11424] Built Euler.WholeSpaceGaussianScale (5.1s)
✔ [9860/11424] Built Euler.DuhamelEquation (6.8s)
✔ [9861/11424] Built Euler.WholeSpaceGaussianIntegration (7.7s)
✔ [9862/11424] Built Euler.SobolevProduct (10s)
✔ [9863/11424] Built Euler.WholeSpaceGaussianTimeKernel (5.1s)
✔ [9864/11424] Built Euler.TopBlockCauchy (5.3s)
✔ [9865/11424] Built Euler.OrdinaryL2Integration (4.8s)
✔ [9866/11424] Built Euler.QuadraticSourceLimit (4.6s)
✔ [9867/11424] Built Euler.BoundedCoefficientJets (8.9s)
✔ [9868/11424] Built Euler.LpSmoothJetField (14s)
✔ [9869/11424] Built Euler.QuadraticHeatLocal (6.5s)
✔ [9870/11424] Built NavierStokes.ParticularPaddedBackground (9.3s)
✔ [9871/11424] Built Euler.MeanCoefficientPath (20s)
✔ [9872/11424] Built NavierStokes.ActualCarrierTransportBase (13s)
✔ [9873/11424] Built NavierStokes.PhysicalStageSupport (8.1s)
✔ [9874/11424] Built NavierStokes.BaseWitnessClosure (3.0s)
✔ [9875/11424] Built NavierStokes.ActualPolarCoverage (5.2s)
✔ [9876/11424] Built Euler.MeanBoundaryIterated (16s)
✔ [9877/11424] Built NavierStokes.ActualCycleGeometry (10s)
✔ [9878/11424] Built NavierStokes.ActualCoreSupport (12s)
✔ [9879/11424] Built NavierStokes.InitialPhysicalData (31s)
✔ [9880/11424] Built NavierStokes.ActualSignedCoherence (13s)
✔ [9881/11424] Built Euler.TransverseEndpointUniqueness (6.9s)
✔ [9882/11424] Built Euler.MovingNormalProjection (9.4s)
✔ [9883/11424] Built Euler.TransverseEndpointMomentum (9.2s)
✔ [9884/11424] Built Euler.TransverseCoordinateRegularity (10s)
✔ [9885/11424] Built Euler.ContinuousPathCalculus (8.4s)
✔ [9886/11424] Built Euler.PacketLiftedPiola (10s)
✔ [9887/11424] Built Euler.TimeLpCoefficientGevrey (8.9s)
✔ [9888/11424] Built Euler.MeanFormGevrey (8.3s)
✔ [9889/11424] Built Euler.GevreyFixedShift (3.5s)
✔ [9890/11424] Built Euler.ParameterWordGevrey (3.7s)
✔ [9891/11424] Built Euler.PacketProfileRecursion (4.1s)
✔ [9892/11424] Built Euler.PacketPotentialParity (3.7s)
✔ [9893/11424] Built Euler.DeformationTimeInverse (7.7s)
✔ [9894/11424] Built Euler.PacketCofactorOperator (15s)
✔ [9895/11424] Built Euler.CylinderAngleRepresentative (7.8s)
✔ [9896/11424] Built Euler.MeanFrameCoefficients (10s)
✔ [9897/11424] Built Euler.MeanMomentumRegularity (15s)
✔ [9898/11424] Built Euler.OrdinaryMollifier (12s)
✔ [9899/11424] Built Euler.MeanOperatorTranslation (10s)
✔ [9900/11424] Built Euler.MeanForcingTranslation (16s)
✔ [9901/11424] Built Euler.MeanOrdinaryLift (7.4s)
✔ [9902/11424] Built Euler.ShortTimeLinearGrowth (4.2s)
✔ [9903/11424] Built Euler.LinearFundamentalPath (4.1s)
✔ [9904/11424] Built Euler.TransverseNormalResidual (4.6s)
✔ [9905/11424] Built Euler.TimeEndpointEnergyUniqueness (5.4s)
✔ [9906/11424] Built Euler.FinitePathTensorIntegral (5.7s)
✔ [9907/11424] Built Euler.LinearDuhamelWeighted (7.8s)
✔ [9908/11424] Built Euler.ContinuousBoundedTensor (16s)
✔ [9909/11424] Built Euler.UnshiftedProducts (8.4s)
✔ [9910/11424] Built Euler.MeanLocalizedQuadraticBound (5.7s)
✔ [9911/11424] Built Euler.LpSupportedEvolution (18s)
✔ [9912/11424] Built Euler.MeanMollifierLimit (5.0s)
✔ [9913/11424] Built Euler.PacketPhysicalPropagator (9.9s)
✔ [9914/11424] Built Euler.PacketHorizonSize (4.9s)
✔ [9915/11424] Built Euler.LpOperatorFieldPath (28s)
✔ [9916/11424] Built Euler.PacketPhysicalFamily (6.9s)
✔ [9917/11424] Built Euler.WholeSpaceGaussianLow (4.8s)
✔ [9918/11424] Built Euler.WholeSpaceGaussianEvolution (5.6s)
✔ [9919/11424] Built Euler.MildEquationBridge (12s)
✔ [9920/11424] Built Euler.QuadraticHeatConstraint (5.1s)
✔ [9921/11424] Built Euler.UniformHeatLocal (7.0s)
✔ [9922/11424] Built Euler.SobolevTransport (12s)
✔ [9923/11424] Built Euler.LpSupportedTranslation (7.5s)
✔ [9924/11424] Built NavierStokes.LocalMeanPhysicalBounds (6.7s)
✔ [9925/11424] Built NavierStokes.ActualParticularStageControls (13s)
✔ [9926/11424] Built NavierStokes.ActualCycleResidualBounds (13s)
✔ [9927/11424] Built Euler.SmoothCoefficientPath (19s)
✔ [9928/11424] Built NavierStokes.ActualSignedPotentialCoherence (6.9s)
✔ [9929/11424] Built NavierStokes.ActualSignedGaussianCoherence (5.8s)
✔ [9930/11424] Built Euler.MeanBoundaryGevrey (17s)
✔ [9931/11424] Built Euler.TransverseEndpointGreen (7.6s)
✔ [9932/11424] Built Euler.TransverseActivationTrial (9.2s)
✔ [9933/11424] Built Euler.LinearDuhamelParameter (6.8s)
✔ [9934/11424] Built Euler.TransverseStrongEquation (10s)
✔ [9935/11424] Built Euler.PacketPiolaPair (10s)
✔ [9936/11424] Built Euler.TimeLpGramInverse (9.5s)
✔ [9937/11424] Built Euler.TimeH1Reconstruction (8.7s)
✔ [9938/11424] Built Euler.ParameterWordCalculus (5.9s)
✔ [9939/11424] Built Euler.ContinuousPathComposition (17s)
✔ [9940/11424] Built Euler.PacketRecursiveForcing (5.5s)
✔ [9941/11424] Built Euler.MeanConcreteTranslation (4.5s)
✔ [9942/11424] Built Euler.MeanSmoothRepresentative (6.8s)
✔ [9943/11424] Built Euler.PacketCofactorGevrey (12s)
✔ [9944/11424] Built Euler.LinearEvolutionDeterminant (6.9s)
✔ [9945/11424] Built Euler.MeanMomentumBoundary (13s)
✔ [9946/11424] Built Euler.LinearDuhamelWeightedNaturality (4.7s)
✔ [9947/11424] Built Euler.FrameEndpointUniqueness (7.3s)
✔ [9948/11424] Built Euler.SmoothPathTimeJets (6.0s)
✔ [9949/11424] Built Euler.TransverseForwardInverse (9.8s)
✔ [9950/11424] Built Euler.LinearDuhamelSymmetry (4.4s)
✔ [9951/11424] Built Euler.NonlinearPressureLower (4.1s)
✔ [9952/11424] Built Euler.SobolevGevreyProduct (4.7s)
✔ [9953/11424] Built Euler.LpSupportedConstructedEvolution (7.3s)
✔ [9954/11424] Built Euler.MeanHarmonicComponents (3.9s)
✔ [9955/11424] Built Euler.MeanL2Scaling (5.6s)
✔ [9956/11424] Built Euler.MeanMollificationHarmonic (5.6s)
✔ [9957/11424] Built Euler.PacketAmplitudeBounds (4.6s)
✔ [9958/11424] Built Euler.PacketEarlyPhysical (6.1s)
✔ [9959/11424] Built Euler.TimePathGluing (4.5s)
✔ [9960/11424] Built Euler.GainedMildFormula (9.3s)
✔ [9961/11424] Built Euler.LiftedTransportComponents (5.1s)
✔ [9962/11424] Built Euler.MildWordEquation (13s)
✔ [9963/11424] Built Euler.LpCylinderTranslation (8.2s)
✔ [9964/11424] Built NavierStokes.ActualCurrentCarrierJets (6.3s)
✔ [9965/11424] Built NavierStokes.SharpMeanJetBounds (9.7s)
✔ [9966/11424] Built NavierStokes.ActualCycleParameters (12s)
✔ [9967/11424] Built Euler.CorrectionOperators (33s)
✔ [9968/11424] Built NavierStokes.ActualCopySliceRegularity (8.6s)
✔ [9969/11424] Built NavierStokes.ActualWaveRegularityData (26s)
✔ [9970/11424] Built NavierStokes.ActualMeanPhysicalData (41s)
✔ [9971/11424] Built NavierStokes.ActualParticularGaussian (27s)
✔ [9972/11424] Built NavierStokes.WholeDomainStageBounds (10s)
✔ [9973/11424] Built NavierStokes.ActualExteriorPrefix (9.4s)
✔ [9974/11424] Built Euler.SmoothPathSuperposition (13s)
✔ [9975/11424] Built NavierStokes.ActualSignedPhysicalGeometry (9.2s)
✔ [9976/11424] Built Euler.MeanCoefficientPathJets (27s)
✔ [9977/11424] Built Euler.MeanScaledBoundaryGevrey (15s)
✔ [9978/11424] Built NavierStokes.ActualReferenceRebase (57s)
✔ [9979/11424] Built Euler.TransverseEndpointVelocity (10s)
✔ [9980/11424] Built NavierStokes.ActualParticularDynamics (61s)
✔ [9981/11424] Built Euler.LinearDuhamelGevrey (12s)
✔ [9982/11424] Built Euler.TransverseStrongEstimates (12s)
✔ [9983/11424] Built Euler.TransverseSourceFrame (7.8s)
✔ [9984/11424] Built Euler.PacketPotentialRegularity (6.6s)
✔ [9985/11424] Built Euler.TimeH1ReconstructionNaturality (4.1s)
✔ [9986/11424] Built Euler.TimeLpGramGevrey (6.3s)
✔ [9987/11424] Built Euler.ParameterWordLocal (3.2s)
✔ [9988/11424] Built Euler.PacketTimePathGluing (5.2s)
✔ [9989/11424] Built Euler.ParameterWordHigher (3.1s)
✔ [9990/11424] Built Euler.ParameterWordProduct (4.6s)
✔ [9991/11424] Built Euler.ContinuousAccelerationForcing (5.8s)
✔ [9992/11424] Built Euler.PacketRecursiveCancellation (4.3s)
✔ [9993/11424] Built Euler.MeanClassicalConstraints (4.7s)
✔ [9994/11424] Built Euler.ContinuousSpatialFamily (14s)
✔ [9995/11424] Built Euler.MeanOrbitSobolev (9.6s)
✔ [9996/11424] Built Euler.SmoothPathJoint (7.1s)
✔ [9997/11424] Built Euler.SobolevGevreyOperators (5.9s)
✔ [9998/11424] Built Euler.PhysicalL2Scaling (5.3s)
✔ [9999/11424] Built Euler.MeanWeakHarmonicInterior (4.0s)
✔ [10000/11424] Built Euler.FunctionalVelocity (3.8s)
✔ [10001/11424] Built Euler.MeanStrongEquation (20s)
✔ [10002/11424] Built Euler.PacketGeometryData (5.9s)
✔ [10003/11424] Built Euler.SobolevMetricTransport (7.1s)
✔ [10004/11424] Built Euler.CylinderPathIntegral (7.4s)
✔ [10005/11424] Built Euler.HeatRestart (13s)
✔ [10006/11424] Built Euler.MildTopWord (17s)
✔ [10007/11424] Built Euler.CylinderSpatialEmbedding (9.2s)
✔ [10008/11424] Built Euler.CylinderTranslationAdjoint (6.4s)
✔ [10009/11424] Built Euler.CylinderCompactTranslation (11s)
✔ [10010/11424] Built NavierStokes.ActualCarrierTransport (3.3s)
✔ [10011/11424] Built NavierStokes.ActualParticularMeanGain (5.0s)
✔ [10012/11424] Built NavierStokes.ActualSignedMeanBinding (20s)
✔ [10013/11424] Built Euler.BoundedFieldCalculus (76s)
✔ [10014/11424] Built Euler.SobolevParityOperators (21s)
✔ [10015/11424] Built NavierStokes.ActualSeedPeriodicity (3.6s)
✔ [10016/11424] Built NavierStokes.ActualSignedOutputBounds (5.3s)
✔ [10017/11424] Built NavierStokes.ActualSignedGaussian (4.7s)
✔ [10018/11424] Built NavierStokes.ActualWaveCoefficientPeriodicity (4.0s)
✔ [10019/11424] Built Euler.CorrectionTime (26s)
✔ [10020/11424] Built NavierStokes.ActualPhysicalStageBounds (11s)
✔ [10021/11424] Built NavierStokes.ActualPhysicalPrefixFields (10s)
✔ [10022/11424] Built Euler.SmoothTimeField (11s)
✔ [10023/11424] Built Euler.CoefficientPathOrbit (7.1s)
✔ [10024/11424] Built Euler.SmoothCoefficientPathMap (7.1s)
✔ [10025/11424] Built NavierStokes.ActualMeanStageData (19s)
✔ [10026/11424] Built NavierStokes.ActualParticularPhysicalData (21s)
✔ [10027/11424] Built NavierStokes.NativeDyadicRegularity (30s)
✔ [10028/11424] Built Euler.TransverseActivationSelection (14s)
✔ [10029/11424] Built Euler.TransverseEndpointDifferentiation (11s)
✔ [10030/11424] Built NavierStokes.ActualParticularCoherence (38s)
✔ [10031/11424] Built Euler.LinearDuhamelFrozenOperator (7.0s)
✔ [10032/11424] Built Euler.ContinuousGramPath (10s)
✔ [10033/11424] Built NavierStokes.ActualSignedPhysicalBinding (50s)
✔ [10034/11424] Built Euler.ContinuousGramAcceleration (6.6s)
✔ [10035/11424] Built NavierStokes.ActualParticularDynamicsNoOptions (19s)
✔ [10036/11424] Built Euler.PacketPeriodicPotential (4.7s)
✔ [10037/11424] Built Euler.TimeH1FrameTransport (9.8s)
✔ [10038/11424] Built Euler.TransverseSourceCoefficientPath (13s)
✔ [10039/11424] Built Euler.MeanTimeContinuousTranslation (7.9s)
✔ [10040/11424] Built Euler.MeanTimeReflection (6.5s)
✔ [10041/11424] Built Euler.ParameterWordInverse (4.5s)
✔ [10042/11424] Built Euler.ParameterSobolevBlocks (4.7s)
✔ [10043/11424] Built Euler.TimeLpAccelerationForcing (9.1s)
✔ [10044/11424] Built Euler.PacketResidualTailDecomposition (4.6s)
✔ [10045/11424] Built Euler.MeanSpatialEvaluation (3.9s)
✔ [10046/11424] Built Euler.PacketRecursiveBase (4.5s)
✔ [10047/11424] Built Euler.SobolevWordLevel (4.5s)
✔ [10048/11424] Built Euler.GevreyMetricComparison (4.6s)
✔ [10049/11424] Built Euler.MeanWeakHarmonicScaling (4.3s)
✔ [10050/11424] Built Euler.MeanStrongInverse (4.6s)
✔ [10051/11424] Built Euler.GevreyOrderZero (5.8s)
✔ [10052/11424] Built Euler.PacketGeometryGuards (4.0s)
✔ [10053/11424] Built Euler.PacketActivationScales (3.1s)
✔ [10054/11424] Built Euler.SobolevTransportCompatibility (4.3s)
✔ [10055/11424] Built Euler.SobolevViscousEnergy (5.6s)
✔ [10056/11424] Built Euler.TransportL2Time (6.7s)
✔ [10057/11424] Built Euler.MeanCylinderSolenoidal (6.2s)
✔ [10058/11424] Built Euler.HeatRegularizedPaths (7.7s)
✔ [10059/11424] Built Euler.SobolevLaplacian (12s)
✔ [10060/11424] Built Euler.DuhamelPasting (10s)
✔ [10061/11424] Built Euler.CylinderGradientEmbedding (6.5s)
✔ [10062/11424] Built Euler.LpOperatorFieldAlgebra (9.7s)
✔ [10063/11424] Built Euler.BoundedFieldMultilinear (6.4s)
✔ [10064/11424] Built NavierStokes.ActualIntermediateDebtBounds (12s)
✔ [10065/11424] Built NavierStokes.ActualCycleAssembly (15s)
✔ [10066/11424] Built NavierStokes.ActualCyclePeriodicity (6.3s)
✔ [10067/11424] Built NavierStokes.ActualSignedCommonDynamics (8.0s)
✔ [10068/11424] Built Euler.EulerCorrectionLocal (7.3s)
✔ [10069/11424] Built NavierStokes.SharpMeanStageBounds (4.5s)
✔ [10070/11424] Built NavierStokes.OffplaneJetExtensions (6.2s)
✔ [10071/11424] Built Euler.TruncationFamily (4.6s)
✔ [10072/11424] Built Euler.BoundedFieldGramInverse (22s)
✔ [10073/11424] Built Euler.CompactSmoothTimeField (10s)
✔ [10074/11424] Built Euler.BoundedTensorCoordinates (13s)
✔ [10075/11424] Built Euler.SmoothTimeFieldDerivativeBounds (6.3s)
✔ [10076/11424] Built Euler.BoundedFieldPullback (4.6s)
✔ [10077/11424] Built Euler.SmoothTimeFieldOrdinary (3.4s)
✔ [10078/11424] Built Euler.SmoothTimeFieldFromPaths (6.8s)
✔ [10079/11424] Built Euler.SmoothTimeSuperposition (6.1s)
✔ [10080/11424] Built NavierStokes.ActualMeanExterior (10s)
✔ [10081/11424] Built Euler.LpSmoothCoefficientProduct (15s)
✔ [10082/11424] Built NavierStokes.InitialDyadicSource (11s)
✔ [10083/11424] Built Euler.TransverseEndpointEquation (15s)
✔ [10084/11424] Built NavierStokes.ActualParticularPotentialCoherence (18s)
✔ [10085/11424] Built Euler.TransverseForwardRegularity (12s)
✔ [10086/11424] Built NavierStokes.ActualCycleCoherence (26s)
✔ [10087/11424] Built NavierStokes.PositiveTimeSignedLocalization (5.4s)
✔ [10088/11424] Built NavierStokes.ActualSignedUnmaskedBounds (7.1s)
✔ [10089/11424] Built Euler.ContinuousGramGevrey (16s)
✔ [10090/11424] Built NavierStokes.ActualSignedExterior (4.4s)
✔ [10091/11424] Built Euler.PacketTerminalDatum (4.1s)
✔ [10092/11424] Built NavierStokes.ActualCandidateConstruction (51s)
✔ [10093/11424] Built Euler.PacketConstructedPiola (4.5s)
✔ [10094/11424] Built Euler.MeanFixedFrameTransport (11s)
✔ [10095/11424] Built Euler.TransverseBoundedFrame (9.2s)
✔ [10096/11424] Built Euler.TransverseFixedSpaceInverse (13s)
✔ [10097/11424] Built Euler.ParameterSobolevLocal (3.2s)
✔ [10098/11424] Built Euler.ContinuousForcingTranslation (15s)
✔ [10099/11424] Built Euler.IsometricActionWords (4.3s)
✔ [10100/11424] Built Euler.PacketCoefficientLipschitz (6.3s)
✔ [10101/11424] Built Euler.ParameterSobolevPair (3.8s)
✔ [10102/11424] Built Euler.ParameterSobolevLinear (3.3s)
✔ [10103/11424] Built Euler.ParameterSobolevCoefficient (3.6s)
✔ [10104/11424] Built Euler.ParameterSobolevCommutator (4.3s)
✔ [10105/11424] Built Euler.ParameterSobolevInverse (5.1s)
✔ [10106/11424] Built Euler.MeanPathSpatialRepresentative (5.1s)
✔ [10107/11424] Built Euler.MeanSpatialDerivative (5.1s)
✔ [10108/11424] Built Euler.MeanSobolevBoundedField (9.7s)
✔ [10109/11424] Built Euler.MeanSpatialTimeDerivative (8.1s)
✔ [10110/11424] Built Euler.PacketRecursiveResidual (3.9s)
✔ [10111/11424] Built Euler.MeanBoundaryLocalization (5.8s)
✔ [10112/11424] Built Euler.CompactSolenoidalDensity (8.4s)
✔ [10113/11424] Built Euler.MeanVelocityPressure (13s)
✔ [10114/11424] Built Euler.PacketGeometryAssembly (7.3s)
✔ [10115/11424] Built Euler.AsymmetricTransport (15s)
✔ [10116/11424] Built Euler.SobolevDriftNorm (21s)
✔ [10117/11424] Built Euler.SobolevL2Stability (6.5s)
✔ [10118/11424] Built Euler.SquaredMetricStability (7.6s)
✔ [10119/11424] Built Euler.GainedMildPasting (5.4s)
✔ [10120/11424] Built Euler.WeightedSobolevEnergy (6.1s)
✔ [10121/11424] Built Euler.SobolevEnergyPaths (6.3s)
✔ [10122/11424] Built NavierStokes.CurrentSignedCurl (5.6s)
✔ [10123/11424] Built Euler.SobolevHeatDerivativeCommutation (8.2s)
✔ [10124/11424] Built Euler.HeatGradientEnergy (10s)
✔ [10125/11424] Built Euler.CorrectionTimeRestriction (3.9s)
✔ [10126/11424] Built Euler.EulerCorrectionEquation (5.8s)
✔ [10127/11424] Built Euler.ComparatorTruncationFamily (6.1s)
✔ [10128/11424] Built Euler.SmoothBanachFlow (5.8s)
✔ [10129/11424] Built Euler.SobolevTimeRegularization (27s)
✔ [10130/11424] Built Euler.SmoothTimeFieldComposition (10s)
✔ [10131/11424] Built Euler.SmoothTimeFieldJoint (4.2s)
✔ [10132/11424] Built Euler.BoundedFieldGramGevrey (23s)
✔ [10133/11424] Built Euler.ContinuousAccelerationGevrey (8.2s)
✔ [10134/11424] Built Euler.LpSmoothCoefficientContinuity (18s)
✔ [10135/11424] Built NavierStokes.ActualSignedReferenceGeometry (4.1s)
✔ [10136/11424] Built NavierStokes.ActualParticularCycleData (25s)
✔ [10137/11424] Built NavierStokes.ActualSignedNativeProfiles (6.6s)
✔ [10138/11424] Built Euler.TransverseForwardCoefficientGevrey (35s)
✔ [10139/11424] Built NavierStokes.ActualSignedNativeBounds (22s)
✔ [10140/11424] Built NavierStokes.ActualSignedUnmaskedBinding (21s)
✔ [10141/11424] Built Euler.TransverseBoundedGeometry (14s)
✔ [10142/11424] Built Euler.TransverseFixedEndpoint (13s)
✔ [10143/11424] Built Euler.MeanFixedSpaceInverse (30s)
✔ [10144/11424] Built Euler.ContinuousForcingTimeLp (5.5s)
✔ [10145/11424] Built Euler.FixedFrameNaturality (11s)
✔ [10146/11424] Built Euler.TransverseFixedStrong (7.4s)
✔ [10147/11424] Built Euler.MeanPathLpBlocks (3.0s)
✔ [10148/11424] Built Euler.TransverseParameterRegularity (17s)
✔ [10149/11424] Built Euler.SmoothCoefficientTimeRestriction (5.5s)
✔ [10150/11424] Built Euler.ParameterSobolevProductGevrey (3.8s)
✔ [10151/11424] Built Euler.CylinderConstantMap (8.4s)
✔ [10152/11424] Built Euler.LinearDuhamelFrozenGevrey (7.0s)
✔ [10153/11424] Built Euler.ParameterWordRestriction (4.6s)
✔ [10154/11424] Built Euler.CylinderCompactBounds (9.6s)
✔ [10155/11424] Built Euler.PacketTimeWordGluing (23s)
✔ [10156/11424] Built Euler.ParameterNestedWordSum (3.3s)
✔ [10157/11424] Built Euler.MeanClassicalWordBounds (5.5s)
✔ [10158/11424] Built Euler.LpCylinderPaths (27s)
✔ [10159/11424] Built Euler.ParameterSobolevGevrey (5.3s)
✔ [10160/11424] Built Euler.SmoothL2CoefficientPath (4.9s)
✔ [10161/11424] Built Euler.MeanBoundaryCoercivity (5.1s)
✔ [10162/11424] Built Euler.MeanContinuousVelocity (8.7s)
✔ [10163/11424] Built Euler.MeanPathTimeDerivative (11s)
✔ [10164/11424] Built Euler.WindowSource (5.4s)
✔ [10165/11424] Built Euler.WeightedSobolevMajorant (6.4s)
✔ [10166/11424] Built Euler.MeanVelocityOperator (16s)
✔ [10167/11424] Built Euler.SobolevNonlinearCompatibility (13s)
✔ [10168/11424] Built Euler.PDEEnergyLimit (4.3s)
✔ [10169/11424] Built Euler.HeatGradientIntegral (5.3s)
✔ [10170/11424] Built Euler.HeatHessianEnergy (10s)
✔ [10171/11424] Built Euler.CorrectionParity (12s)
✔ [10172/11424] Built Euler.InviscidSobolevEvolution (9.0s)
✔ [10173/11424] Built Euler.SmoothFlowParity (2.0s)
✔ [10174/11424] Built Euler.GevreyCorrectionSplit (20s)
✔ [10175/11424] Built Euler.RegularizedMildEquation (23s)
✔ [10176/11424] Built Euler.SmoothFlowJets (5.5s)
✔ [10177/11424] Built Euler.SmoothFlowJacobian (4.6s)
✔ [10178/11424] Built Euler.SmoothTimeFieldLinear (5.7s)
✔ [10179/11424] Built Euler.SmoothTimeFieldTimeJets (5.2s)
✔ [10180/11424] Built Euler.SmoothTimeFieldPrecomp (5.6s)
✔ [10181/11424] Built NavierStokes.ActualCurrentParticularPhysical (8.5s)
✔ [10182/11424] Built Euler.TimeSobolevTransport (17s)
✔ [10183/11424] Built NavierStokes.PositiveTimeSignedData (7.7s)
✔ [10184/11424] Built NavierStokes.ActualCyclePreservation (13s)
✔ [10185/11424] Built Euler.TransversePacketData (8.1s)
✔ [10186/11424] Built Euler.MeanOperatorReflection (6.5s)
✔ [10187/11424] Built NavierStokes.ActualSignedNativeRegularity (10s)
✔ [10188/11424] Built Euler.TransverseFixedEvolution (12s)
✔ [10189/11424] Built Euler.BoundedFieldForwardGenerator (22s)
✔ [10190/11424] Built Euler.TransverseEndpointParameter (13s)
✔ [10191/11424] Built Euler.MeanFixedTranslation (14s)
✔ [10192/11424] Built Euler.SmoothTimeFieldRestriction (3.6s)
✔ [10193/11424] Built Euler.TimeH1SobolevReconstruction (3.6s)
✔ [10194/11424] Built Euler.ParameterSobolevOperations (3.9s)
✔ [10195/11424] Built Euler.ParameterSobolevProductAt (3.3s)
✔ [10196/11424] Built Euler.CylinderConstantMapBounds (4.9s)
✔ [10197/11424] Built Euler.PacketTerminalDatumBounds (5.6s)
✔ [10198/11424] Built Euler.CylinderScalarPrimitive (8.1s)
✔ [10199/11424] Built Euler.PacketShiftedTimeGluing (4.8s)
✔ [10200/11424] Built Euler.TransverseCoefficientGevrey (18s)
✔ [10201/11424] Built Euler.PacketMatchingFamily (6.0s)
✔ [10202/11424] Built Euler.MeanOrbitSmoothL2Field (6.9s)
✔ [10203/11424] Built Euler.PacketParentLabelBounds (6.3s)
✔ [10204/11424] Built Euler.LpCylinderOrbit (4.9s)
✔ [10205/11424] Built Euler.ParameterSobolevGevreyAt (4.0s)
✔ [10206/11424] Built Euler.ParameterSobolevTensorInverse (4.1s)
✔ [10207/11424] Built Euler.SmoothFieldSobolevTime (9.1s)
✔ [10208/11424] Built Euler.MeanSourceVariationalInverse (8.8s)
✔ [10209/11424] Built Euler.QuadraticMildPasting (5.6s)
✔ [10210/11424] Built Euler.SobolevCorrectionCompatibility (13s)
✔ [10211/11424] Built Euler.MeanStrongEstimates (19s)
✔ [10212/11424] Built Euler.LpCylinderCoefficients (38s)
✔ [10213/11424] Built Euler.PDESubintervalEnergyLimit (4.4s)
✔ [10214/11424] Built Euler.SobolevEllipticBound (5.0s)
✔ [10215/11424] Built Euler.CorrectionResidualCancellation (12s)
✔ [10216/11424] Built Euler.BasePressureCommutator (3.5s)
✔ [10217/11424] Built Euler.LpCylinderRectangular (55s)
✔ [10218/11424] Built Euler.CorrectionDifference (17s)
✔ [10219/11424] Built Euler.SmoothFlowAcceleration (4.0s)
✔ [10220/11424] Built Euler.SmoothFlowGevrey (5.5s)
✔ [10221/11424] Built Euler.SobolevTransportCommutator (21s)
✔ [10222/11424] Built Euler.SmoothFlowVolume (3.4s)
✔ [10223/11424] Built Euler.SmoothTimeFieldAlgebra (4.1s)
✔ [10224/11424] Built Euler.RegularizedTopBlocks (14s)
✔ [10225/11424] Built Euler.SmoothTimeFieldParity (3.3s)
✔ [10226/11424] Built NavierStokes.CurrentPhysicalModeGerms (3.8s)
✔ [10227/11424] Built Euler.SmoothTimeFieldSecondJoint (5.7s)
✔ [10228/11424] Built Euler.SmoothTimeFieldBilinear (11s)
✔ [10229/11424] Built NavierStokes.ActualCurrentWaveSupport (6.4s)
✔ [10230/11424] Built NavierStokes.CurrentParticularPhysicalCoherence (3.4s)
✔ [10231/11424] Built NavierStokes.ActualCurrentParticularAssembly (3.8s)
✔ [10232/11424] Built NavierStokes.ActualSignedFamilySupport (3.4s)
✔ [10233/11424] Built NavierStokes.ActualStageEstimates (4.0s)
✔ [10234/11424] Built NavierStokes.ActualSignedCurrentSupport (3.6s)
✔ [10235/11424] Built Euler.PacketParentCoefficientBounds (8.6s)
✔ [10236/11424] Built NavierStokes.ActualSignedPhysicalZeros (8.3s)
✔ [10237/11424] Built Euler.FixedEvolutionNaturality (14s)
✔ [10238/11424] Built Euler.TransverseFixedClassical (9.9s)
✔ [10239/11424] Built Euler.MeanFixedReflection (17s)
✔ [10240/11424] Built Euler.SmoothTimeAmplitudeScaling (5.6s)
✔ [10241/11424] Built Euler.SourceForwardCoefficient (14s)
✔ [10242/11424] Built Euler.ParameterSobolevAcceleration (4.0s)
✔ [10243/11424] Built Euler.ParameterSobolevScaling (4.9s)
✔ [10244/11424] Built Euler.TransverseEndpointBounds (15s)
✔ [10245/11424] Built Euler.ElapsedTimePathGluing (6.1s)
✔ [10246/11424] Built Euler.OrdinaryPressureCancellation (5.2s)
✔ [10247/11424] Built Euler.MeanTranslatedInverse (22s)
✔ [10248/11424] Built Euler.CylinderAngleWordBounds (7.5s)
✔ [10249/11424] Built Euler.TransverseGevreyInverse (17s)
✔ [10250/11424] Built Euler.CylinderSmoothOrbit (7.4s)
✔ [10251/11424] Built Euler.CylinderActionWords (11s)
✔ [10252/11424] Built Euler.ParameterSobolevCostMonotone (3.1s)
✔ [10253/11424] Built Euler.TimeLpGramSobolev (4.5s)
✔ [10254/11424] Built Euler.LinearDuhamelSobolevGevrey (7.5s)
✔ [10255/11424] Built Euler.MeanSourceStrongInverse (5.4s)
✔ [10256/11424] Built Euler.BoundedMildContinuation (6.5s)
✔ [10257/11424] Built Euler.SmoothEulerEvolution (8.9s)
✔ [10258/11424] Built Euler.MeanStrongCoordinates (7.8s)
✔ [10259/11424] Built Euler.MeanClassicalTime (13s)
✔ [10260/11424] Built Euler.TimeCorrectionSource (20s)
✔ [10261/11424] Built Euler.TimeLpSubintervalBound (4.4s)
✔ [10262/11424] Built Euler.PDEMajorantLimit (4.9s)
✔ [10263/11424] Built Euler.LpCylinderRegularCoefficient (18s)
✔ [10264/11424] Built Euler.MeanFixedCoefficientRegularity (29s)
✔ [10265/11424] Built Euler.LpCylinderSolutionTranslation (15s)
✔ [10266/11424] Built Euler.CylinderFieldReflection (14s)
✔ [10267/11424] Built Euler.LpCylinderTimeWeight (16s)
✔ [10268/11424] Built Euler.HeatMaximalEstimate (23s)
✔ [10269/11424] Built Euler.LpCylinderCoefficientTimeInvestigation (20s)
✔ [10270/11424] Built Euler.CorrectionStabilityConstants (8.8s)
✔ [10271/11424] Built Euler.CylinderAngleAverage (11s)
✔ [10272/11424] Built Euler.LpCylinderRectangularRegularity (17s)
✔ [10273/11424] Built Euler.SmoothFlowTimeGevrey (7.4s)
✔ [10274/11424] Built Euler.SmoothFlowJoint (7.7s)
✔ [10275/11424] Built Euler.GevreyTransportCommutator (7.2s)
✔ [10276/11424] Built Euler.BaseTransportL2 (4.1s)
✔ [10277/11424] Built Euler.LpCylinderCoefficientTime (22s)
✔ [10278/11424] Built Euler.SmoothGraphFlow (4.8s)
✔ [10279/11424] Built Euler.TransportL2Bilinear (6.0s)
✔ [10280/11424] Built Euler.SmoothCylinderFlow (4.0s)
✔ [10281/11424] Built Euler.TruncatedBackwardFlow (5.9s)
✔ [10282/11424] Built Euler.RegularizedWordEquation (8.3s)
✔ [10283/11424] Built Euler.SmoothTimeFieldChain (5.6s)
✔ [10284/11424] Built NavierStokes.CurrentModeGeometry (4.9s)
✔ [10285/11424] Built Euler.ParentPacketFrames (10s)
✔ [10286/11424] Built NavierStokes.ActualValidBandWaves (4.8s)
✔ [10287/11424] Built NavierStokes.CurrentParticularLabelBounds (5.6s)
✔ [10288/11424] Built NavierStokes.ActualEndpointInputs (4.2s)
✔ [10289/11424] Built Euler.PacketParentLabelCoefficients (4.8s)
✔ [10290/11424] Built Euler.PacketInverseFlowGevrey (6.9s)
✔ [10291/11424] Built Euler.FixedEvolutionRegularity (9.7s)
✔ [10292/11424] Built Euler.PacketSourcePropagator (11s)
✔ [10293/11424] Built Euler.SourceNormalCoefficient (7.2s)
✔ [10294/11424] Built NavierStokes.ActualSignedPhysicalCoherence (14s)
✔ [10295/11424] Built Euler.ParameterSobolevFiniteSum (3.3s)
✔ [10296/11424] Built Euler.TimeH1GeneratorBounds (7.8s)
✔ [10297/11424] Built Euler.TransverseInitialInverse (7.6s)
✔ [10298/11424] Built Euler.TransverseGeneratorDifference (10s)
✔ [10299/11424] Built Euler.CylinderRawSupport (3.6s)
✔ [10300/11424] Built Euler.ElapsedTimePathNaturality (7.9s)
✔ [10301/11424] Built Euler.TransverseEndpointDifference (15s)
✔ [10302/11424] Built Euler.CoefficientCostMonotone (4.8s)
✔ [10303/11424] Built Euler.CylinderOrbitSobolev (6.9s)
✔ [10304/11424] Built Euler.ContinuousGramSobolev (5.0s)
✔ [10305/11424] Built Euler.CorrectionContinuation (4.3s)
✔ [10306/11424] Built Euler.TimeLpAccelerationSobolev (5.9s)
✔ [10307/11424] Built Euler.TimeCorrectionRestriction (10s)
✔ [10308/11424] Built Euler.MeanSourceOperatorRegularity (10s)
✔ [10309/11424] Built Euler.MeanGramTranslation (15s)
✔ [10310/11424] Built Euler.SobolevDifferenceEnergy (9.9s)
✔ [10311/11424] Built Euler.MeanFixedCoefficientGevrey (27s)
✔ [10312/11424] Built Euler.LpCylinderRegularForward (22s)
✔ [10313/11424] Built Euler.CylinderAngleAverageRepresentative (8.7s)
✔ [10314/11424] Built Euler.CylinderSpatialMean (16s)
✔ [10315/11424] Built Euler.SourceCylinderForcing (17s)
✔ [10316/11424] Built Euler.HeatMaximalCauchy (40s)
✔ [10317/11424] Built Euler.PacketCurlCoordinates (14s)
✔ [10318/11424] Built Euler.LpCylinderPathBounds (14s)
✔ [10319/11424] Built Euler.SmoothScaledFlow (4.8s)
✔ [10320/11424] Built Euler.SmoothFlowCoefficientPaths (7.4s)
✔ [10321/11424] Built Euler.PacketGraphFlowFrequency (9.0s)
✔ [10322/11424] Built Euler.GevreyPressureTransport (7.2s)
✔ [10323/11424] Built Euler.LpCylinderNormalBounds (14s)
✔ [10324/11424] Built Euler.GevreyLowNorms (4.8s)
✔ [10325/11424] Built Euler.CylinderForwardParity (8.7s)
✔ [10326/11424] Built Euler.SobolevBaseCommutator (11s)
✔ [10327/11424] Built Euler.SmoothCylinderJets (8.5s)
✔ [10328/11424] Built Euler.CylinderAngleAverageEvolution (18s)
✔ [10329/11424] Built Euler.LpCylinderFullTime (16s)
✔ [10330/11424] Built Euler.ComparatorLocalCompactVorticity (8.6s)
✔ [10331/11424] Built Euler.ChildParticleTime (5.5s)
✔ [10332/11424] Built Euler.RegularizedWordConvergence (10s)
✔ [10333/11424] Built NavierStokes.ActualCurrentParticularBounds (10s)
✔ [10334/11424] Built Euler.PacketInverseFlowContinuity (5.0s)
✔ [10335/11424] Built NavierStokes.GermEndpointInputs (7.0s)
✔ [10336/11424] Built Euler.PacketInverseFlowSobolevBound (4.3s)
✔ [10337/11424] Built Euler.PacketGeometrySourceGrowth (5.1s)
✔ [10338/11424] Built Euler.CylinderClassicalWordBounds (6.1s)
✔ [10339/11424] Built Euler.TransverseEndpointCoordinates (10s)
✔ [10340/11424] Built Euler.TransverseFixedSobolev (18s)
✔ [10341/11424] Built Euler.CylinderTimeRegularity (8.7s)
✔ [10342/11424] Built Euler.ContinuousAccelerationSobolev (7.1s)
✔ [10343/11424] Built Euler.CorrectionMildEquation (5.5s)
✔ [10344/11424] Built Euler.SourcePotentialCoefficient (24s)
✔ [10345/11424] Built Euler.TimeCorrectionStrongIdentity (7.5s)
✔ [10346/11424] Built Euler.MeanPointwiseGramTranslation (8.9s)
✔ [10347/11424] Built Euler.MeanSourceFixedInverse (16s)
✔ [10348/11424] Built Euler.MeanAccelerationGevrey (17s)
✔ [10349/11424] Built Euler.LpCylinderUnweightedForward (8.3s)
✔ [10350/11424] Built Euler.MeanTranslatedGevrey (19s)
✔ [10351/11424] Built Euler.PacketTerminalAdmissible (4.7s)
✔ [10352/11424] Built Euler.CylinderSpatialMeanRepresentative (5.4s)
✔ [10353/11424] Built Euler.MeanPhysicalTranslation (21s)
✔ [10354/11424] Built Euler.LpCylinderRegularSobolev (16s)
✔ [10355/11424] Built Euler.SmoothPhysicalGraphFlow (6.1s)
✔ [10356/11424] Built Euler.CylinderSpatialMeanPath (12s)
✔ [10357/11424] Built Euler.HeatMaximalRegularity (11s)
✔ [10358/11424] Built Euler.GevreyPressureShifted (7.2s)
✔ [10359/11424] Built Euler.SmoothFlowDeformation (8.8s)
✔ [10360/11424] Built Euler.SourceNormalResidualBounds (8.0s)
✔ [10361/11424] Built Euler.ChildParticleJacobian (4.0s)
✔ [10362/11424] Built Euler.SourceCylinderTimeBounds (27s)
✔ [10363/11424] Built Euler.GevreyBaseTransport (8.8s)
✔ [10364/11424] Built NavierStokes.CurrentPhysicalRadialClosure (3.9s)
✔ [10365/11424] Built NavierStokes.GluedStageEstimates (9.2s)
✔ [10366/11424] Built Euler.PacketContinuousInverse (5.7s)
✔ [10367/11424] Built NavierStokes.SharpCurrentPhysicalPhase (9.7s)
✔ [10368/11424] Built Euler.CylinderDirichletData (18s)
✔ [10369/11424] Built Euler.CylinderAngleAverageTime (4.0s)
✔ [10370/11424] Built Euler.TransverseHistoryBounds (9.7s)
✔ [10371/11424] Built Euler.CylinderAngleEvolution (7.7s)
✔ [10372/11424] Built Euler.FixedEndpointStrong (8.9s)
✔ [10373/11424] Built Euler.CylinderScalarTime (5.6s)
✔ [10374/11424] Built Euler.CylinderCoveringDerivative (3.9s)
✔ [10375/11424] Built Euler.CylinderScalarClassical (4.2s)
✔ [10376/11424] Built Euler.CylinderRetractRepresentative (7.8s)
✔ [10377/11424] Built Euler.CylinderTimeWords (6.1s)
✔ [10378/11424] Built Euler.CorrectionDifferencePDE (11s)
✔ [10379/11424] Built Euler.FixedEvolutionSobolev (12s)
✔ [10380/11424] Built Euler.MeanAccelerationSobolev (11s)
✔ [10381/11424] Built Euler.MeanSourceGevrey (12s)
✔ [10382/11424] Built Euler.MeanStrongGevrey (15s)
✔ [10383/11424] Built Euler.SourceCylinderForward (9.7s)
✔ [10384/11424] Built Euler.CylinderSpatialMeanTime (5.2s)
✔ [10385/11424] Built Euler.MeanFixedSobolevGevrey (28s)
✔ [10386/11424] Built Euler.MaximalTopCauchy (7.5s)
✔ [10387/11424] Built Euler.DriftPreservingTransport (4.4s)
✔ [10388/11424] Built Euler.GevreyPressureEnergy (4.4s)
✔ [10389/11424] Built NavierStokes.SharpGluedStageBounds (4.1s)
✔ [10390/11424] Built Euler.SourcePotentialTimeCoefficient (43s)
✔ [10391/11424] Built NavierStokes.ActualSignedWaveData (6.0s)
✔ [10392/11424] Built NavierStokes.SharpParticularGluing (3.8s)
✔ [10393/11424] Built NavierStokes.SharpCurrentModeJets (5.9s)
✔ [10394/11424] Built Euler.TransverseHistoryLipschitz (5.8s)
✔ [10395/11424] Built Euler.TransversePacketHistoryData (10s)
✔ [10396/11424] Built Euler.FixedEndpointClassical (12s)
✔ [10397/11424] Built Euler.CylinderPotentialPath (17s)
✔ [10398/11424] Built Euler.CylinderEndpointData (16s)
✔ [10399/11424] Built Euler.CylinderDirichletNaturality (24s)
✔ [10400/11424] Built Euler.CylinderSliceRepresentatives (3.9s)
✔ [10401/11424] Built Euler.CylinderCoverTensor (4.9s)
✔ [10402/11424] Built Euler.CylinderTimePrecomposition (5.6s)
✔ [10403/11424] Built Euler.FixedEndpointForcing (8.1s)
✔ [10404/11424] Built Euler.PacketCylinderField (5.2s)
✔ [10405/11424] Built Euler.CylinderScalarParity (3.3s)
✔ [10406/11424] Built Euler.CylinderScalarRepresentative (3.0s)
✔ [10407/11424] Built Euler.CylinderTimeGradient (6.4s)
✔ [10408/11424] Built Euler.InviscidDifferencePDE (4.6s)
✔ [10409/11424] Built Euler.CylinderPathWords (10s)
✔ [10410/11424] Built Euler.CorrectionDifferenceMetric (9.7s)
✔ [10411/11424] Built Euler.MeanCoordinatePath (8.5s)
✔ [10412/11424] Built Euler.SourceCylinderForwardSobolev (9.3s)
✔ [10413/11424] Built Euler.MeanSourceSobolev (9.2s)
✔ [10414/11424] Built Euler.MeanSourceSpatialRegularity (19s)
✔ [10415/11424] Built Euler.SobolevMaximalRegularity (8.2s)
✔ [10416/11424] Built Euler.SobolevDriftTransport (5.7s)
✔ [10417/11424] Built Euler.SourceCylinderEquation (17s)
✔ [10418/11424] Built Euler.GevreyForcingComponents (5.1s)
✔ [10419/11424] Built Euler.GevreyPressureComplete (4.5s)
✔ [10420/11424] Built Euler.PacketParentJacobiCoefficient (7.8s)
✔ [10421/11424] Built Euler.PacketNeighborInitial (9.5s)
✔ [10422/11424] Built NavierStokes.ActualCandidateAssembly (13s)
✔ [10423/11424] Built Euler.CylinderEndpointLabels (5.3s)
✔ [10424/11424] Built NavierStokes.SharpCurrentParticularBounds (16s)
✔ [10425/11424] Built Euler.TransversePacketIntervalData (11s)
✔ [10426/11424] Built Euler.CylinderDirichletParity (12s)
✔ [10427/11424] Built Euler.CylinderJetLp (5.0s)
✔ [10428/11424] Built Euler.CylinderDirichletSupport (16s)
✔ [10429/11424] Built Euler.CylinderDirichletTranslation (20s)
✔ [10430/11424] Built Euler.ElapsedTimePathWeight (8.9s)
✔ [10431/11424] Built Euler.PacketCylinderParity (4.3s)
✔ [10432/11424] Built Euler.CylinderDirichletMean (22s)
✔ [10433/11424] Built Euler.CylinderScalarAverage (4.3s)
✔ [10434/11424] Built Euler.CylinderEndpointForcing (13s)
✔ [10435/11424] Built Euler.PacketCurlTime (5.5s)
✔ [10436/11424] Built Euler.PacketCylinderFieldAlgebra (8.1s)
✔ [10437/11424] Built Euler.CylinderGraphRealization (3.9s)
✔ [10438/11424] Built Euler.CorrectionStabilityBudget (6.1s)
✔ [10439/11424] Built Euler.CylinderSobolevOrbit (11s)
✔ [10440/11424] Built Euler.CylinderSlowCurl (14s)
✔ [10441/11424] Built Euler.CylinderPotentialWeight (17s)
✔ [10442/11424] Built Euler.MeanSourceStrongSobolev (7.9s)
✔ [10443/11424] Built Euler.MeanContinuousAcceleration (21s)
✔ [10444/11424] Built Euler.SourceCylinderMeanZero (12s)
✔ [10445/11424] Built Euler.TransverseSolutionHomogeneity (19s)
✔ [10446/11424] Built Euler.RegularizedWordTime (22s)
✔ [10447/11424] Built Euler.SourceCylinderParity (12s)
✔ [10448/11424] Built Euler.SourceCylinderWeight (11s)
✔ [10449/11424] Built Euler.GevreyCorrectionForcing (6.6s)
✔ [10450/11424] Built NavierStokes.SharpActualStageBounds (3.3s)
✔ [10451/11424] Built NavierStokes.WholeDomainActualStageBounds (3.3s)
✔ [10452/11424] Built Euler.SourceCylinderRegularity (12s)
✔ [10453/11424] Built NavierStokes.R3ActualCandidate (5.4s)
✔ [10454/11424] Built NavierStokes.LocalScheduleAngular (3.1s)
✔ [10455/11424] Built NavierStokes.LocalResidualFlatness (3.3s)
✔ [10456/11424] Built Euler.PacketCylinderTimeParity (3.3s)
✔ [10457/11424] Built Euler.CylinderEndpointParity (10s)
✔ [10458/11424] Built Euler.CylinderEndpointSupport (11s)
✔ [10459/11424] Built Euler.CylinderDirichletEquation (18s)
✔ [10460/11424] Built Euler.PacketTimeAlgebra (4.7s)
✔ [10461/11424] Built Euler.PacketCylinderFieldUnique (4.2s)
✔ [10462/11424] Built Euler.PacketCylinderConvolution (4.6s)
✔ [10463/11424] Built Euler.CylinderDirichletRegularity (26s)
✔ [10464/11424] Built Euler.PacketCylinderSpatialJet (3.9s)
✔ [10465/11424] Built Euler.CylinderGraphAffine (3.0s)
✔ [10466/11424] Built Euler.CylinderGraphPath (4.5s)
✔ [10467/11424] Built Euler.CylinderPhysicalTensor (4.6s)
✔ [10468/11424] Built Euler.CylinderPotentialTime (20s)
✔ [10469/11424] Built Euler.InviscidCorrectionUniqueness (7.6s)
✔ [10470/11424] Built Euler.CorrectionViscosityStability (10s)
✔ [10471/11424] Built Euler.CylinderSobolevWordBounds (9.5s)
✔ [10472/11424] Built Euler.CylinderCorrectorMeanZero (10s)
✔ [10473/11424] Built Euler.CylinderLocalSupport (7.4s)
✔ [10474/11424] Built Euler.CylinderPathProduct (16s)
✔ [10475/11424] Built Euler.CylinderSlowCurlBounds (9.4s)
✔ [10476/11424] Built Euler.MeanContinuousSobolev (13s)
✔ [10477/11424] Built Euler.SourceCylinderDerivativeWeight (9.2s)
✔ [10478/11424] Built Euler.RegularizedForcingWord (10s)
✔ [10479/11424] Built Euler.GevreyUniformConstants (4.3s)
✔ [10480/11424] Built NavierStokes.SharpParticularStageBounds (4.3s)
✔ [10481/11424] Built Euler.MeanContinuousPhysical (21s)
✔ [10482/11424] Built Euler.GevreyDifferentiatedEquation (14s)
✔ [10483/11424] Built NavierStokes.R3.ActualCandidate (7.3s)
✔ [10484/11424] Built Euler.SourceCylinderClassical (19s)
✔ [10485/11424] Built Euler.SourceCylinderPressureSource (17s)
✔ [10486/11424] Built Euler.PacketFiniteFieldAlgebra (3.4s)
✔ [10487/11424] Built NavierStokes.WholeDomainInitializationBounds (27s)
✔ [10488/11424] Built Euler.CylinderEndpointEquation (11s)
✔ [10489/11424] Built Euler.PacketCylinderKnownJets (4.5s)
✔ [10490/11424] Built Euler.CylinderGraphDerivative (4.7s)
✔ [10491/11424] Built Euler.CylinderEndpointRegularity (12s)
✔ [10492/11424] Built Euler.PacketPhysicalGevrey (6.2s)
✔ [10493/11424] Built Euler.CylinderGraphGevrey (6.2s)
✔ [10494/11424] Built Euler.CylinderPhysicalTensorLp (6.1s)
✔ [10495/11424] Built Euler.CylinderDirichletSobolev (19s)
✔ [10496/11424] Built Euler.SourcePotentialTime (5.8s)
✔ [10497/11424] Built Euler.ViscosityCauchy (4.9s)
✔ [10498/11424] Built Euler.InviscidCorrectionParity (8.4s)
✔ [10499/11424] Built Euler.CylinderBoundedCover (8.7s)
✔ [10500/11424] Built Euler.CylinderPotentialTimeWeight (16s)
✔ [10501/11424] Built Euler.CylinderPathBilinear (8.9s)
✔ [10502/11424] Built Euler.CylinderPathProductBounds (18s)
✔ [10503/11424] Built Euler.SourceCylinderDerivativeBounds (11s)
✔ [10504/11424] Built Euler.RegularizedEnergyFamily (11s)
✔ [10505/11424] Built Euler.CylinderSlowCurlTime (19s)
✔ [10506/11424] Built Euler.MeanClassicalSpatialTime (5.8s)
✔ [10507/11424] Built Euler.MeanStrongContinuousGevrey (10s)
✔ [10508/11424] Built Euler.GevreyRestriction (4.3s)
✔ [10509/11424] Built NavierStokes.LocalScheduleWitness (6.9s)
✔ [10510/11424] Built NavierStokes.R3.Theorem (6.1s)
✔ [10511/11424] Built NavierStokes.LocalAngularGrowth (8.1s)
✔ [10512/11424] Built Euler.MeanTimeSobolev (15s)
✔ [10513/11424] Built NavierStokes.WholeDomainPhysicalStageTheorem (5.3s)
✔ [10514/11424] Built Euler.CylinderTerminalAmplitude (6.5s)
✔ [10515/11424] Built Euler.CylinderPhysicalTensorDifference (5.2s)
✔ [10516/11424] Built Euler.SourceCylinderClassicalEquation (14s)
✔ [10517/11424] Built Euler.ViscousPathDerivative (4.5s)
✔ [10518/11424] Built Euler.SobolevPathLimits (8.7s)
✔ [10519/11424] Built Euler.CylinderEndpointPointwise (25s)
✔ [10520/11424] Built Euler.SourcePotentialTimePath (19s)
✔ [10521/11424] Built Euler.CylinderDirichletTimeBounds (22s)
✔ [10522/11424] Built Euler.CylinderPathBilinearBounds (8.7s)
✔ [10523/11424] Built Euler.CylinderSmoothTimeField (9.3s)
✔ [10524/11424] Built Euler.CylinderPathDerivativeProduct (6.4s)
✔ [10525/11424] Built Euler.EnergyWordCoordinates (6.0s)
✔ [10526/11424] Built Euler.RegularizedMetricPaths (5.0s)
✔ [10527/11424] Built Euler.GevreyCorrectionBound (5.0s)
✔ [10528/11424] Built Euler.GevreyRadiusReduction (5.9s)
✔ [10529/11424] Built Euler.CylinderSlowCurlWeight (9.9s)
✔ [10530/11424] Built Euler.RegularizedForcingRepresentative (11s)
✔ [10531/11424] Built NavierStokes.ComparatorR3Theorem (5.5s)
✔ [10532/11424] Built NavierStokes.R3.H3MaximalLifespan (5.8s)
✔ [10533/11424] Built NavierStokes.PeriodicPaperTheorem (6.1s)
✔ [10534/11424] Built NavierStokes.LocalPaperDomain (5.9s)
✔ [10535/11424] Built NavierStokes.LocalAngularScalar (7.4s)
✔ [10536/11424] Built Euler.MeanStrongSobolev (10s)
✔ [10537/11424] Built Euler.SourceCylinderPressureMean (12s)
✔ [10538/11424] Built Euler.MeanContinuousPressure (13s)
✔ [10539/11424] Built Euler.CorrectionFamilyCompactness (14s)
✔ [10540/11424] Built Euler.CylinderPathAdvection (9.0s)
✔ [10541/11424] Built Euler.TransversePacketTimeData (15s)
✔ [10542/11424] Built Euler.CylinderDirichletPhysicalBounds (18s)
✔ [10543/11424] Built Euler.SobolevWordValueIdentity (4.6s)
✔ [10544/11424] Built Euler.ViscousSourcePathLimit (26s)
✔ [10545/11424] Built Euler.EnergyForcingIdentity (8.4s)
✔ [10546/11424] Built Euler.DriftCorrectionForcing (5.4s)
✔ [10547/11424] Built Euler.MildMajorantEnergy (7.9s)
✔ [10548/11424] Built Euler.GevreyNonlinearEstimate (5.1s)
✔ [10549/11424] Built NavierStokes.R3 (4.8s)
✔ [10550/11424] Built NavierStokes.PeriodicComparatorSolution (5.0s)
✔ [10551/11424] Built NavierStokes.LocalPotentialRebundle (6.6s)
✔ [10552/11424] Built Euler.MeanPressureSobolev (6.5s)
✔ [10553/11424] Built Euler.PacketCylinderFieldProducts (7.1s)
✔ [10554/11424] Built Euler.MeanPressureRepresentative (11s)
✔ [10555/11424] Built Euler.MeanSourceTimeSobolev (18s)
✔ [10556/11424] Built Euler.CylinderPathProductSupport (6.3s)
✔ [10557/11424] Built Euler.SourceCylinderPressureField (22s)
✔ [10558/11424] Built Euler.CylinderEndpointBudget (6.0s)
✔ [10559/11424] Built Euler.ProjectedEnergyForcing (9.1s)
✔ [10560/11424] Built Euler.GevreyMetricEstimate (4.0s)
✔ [10561/11424] Built Euler.DriftNonlinearEstimate (6.3s)
✔ [10562/11424] Built NavierStokes.PeriodicPaperComparator (5.5s)
✔ [10563/11424] Built NavierStokes.LocalPaperTheorem (6.6s)
✔ [10564/11424] Built Euler.PacketCylinderFieldAdvection (6.6s)
✔ [10565/11424] Built Euler.PacketCylinderCoefficientData (8.2s)
✔ [10566/11424] Built Euler.PacketCylinderFieldSupport (3.3s)
✔ [10567/11424] Built Euler.MeanPacketData (10s)
✔ [10568/11424] Built Euler.MeanSourcePressureSobolev (17s)
✔ [10569/11424] Built Euler.SourceCylinderPressureRegularity (8.1s)
✔ [10570/11424] Built Euler.SourceCylinderPressureWeight (13s)
✔ [10571/11424] Built Euler.ProjectedForcingFields (5.8s)
✔ [10572/11424] Built Euler.CylinderEndpointUnitBounds (9.3s)
✔ [10573/11424] Built Euler.GevreyEnergyLimit (4.7s)
✔ [10574/11424] Built Euler.EnergyMetricPaths (8.5s)
✔ [10575/11424] Built Euler.GevreyContinuationNorm (4.4s)
✔ [10576/11424] Built Euler.GevreyGrowthCoefficient (4.3s)
✔ [10577/11424] Built Euler.GevreyMetricForcing (4.6s)
✔ [10578/11424] Built NavierStokes.ComparatorTheorem (5.7s)
✔ [10579/11424] Built NavierStokes.LocalPaperHeat (5.6s)
✔ [10580/11424] Built Euler.PacketCylinderJetOperations (3.6s)
✔ [10581/11424] Built Euler.LiftedVelocitySplit (5.1s)
✔ [10582/11424] Built Euler.PacketCylinderSpatialInvariance (4.6s)
✔ [10583/11424] Built Euler.PacketCylinderCoefficientBounds (8.3s)
✔ [10584/11424] Built Euler.MeanPacketForcing (7.0s)
✔ [10585/11424] Built Euler.PacketMatrixCoefficientAlgebra (14s)
✔ [10586/11424] Built Euler.PacketParentMeanCoercivity (13s)
✔ [10587/11424] Built Euler.GevreyEnergyCutoff (3.3s)
✔ [10588/11424] Built Euler.TransversePacketForcing (10s)
✔ [10589/11424] Built Euler.CylinderEndpointBounds (4.3s)
✔ [10590/11424] Built Euler.GevreyPathNorm (3.6s)
✔ [10591/11424] Built Euler.GevreyGrowthBudget (3.6s)
ℹ [10592/11424] Built NavierStokes.ComparatorSolution (5.6s)
info: NavierStokes/ComparatorSolution.lean:31:0: 'NavierStokes.Comparator.navier_stokes_breakdown_R3' depends on axioms: [propext, Classical.choice, Quot.sound]
info: NavierStokes/ComparatorSolution.lean:32:0: 'NavierStokes.Comparator.navier_stokes_breakdown_periodic' depends on axioms: [propext, Classical.choice, Quot.sound]
✔ [10593/11424] Built Euler.PacketCylinderJetParity (4.0s)
✔ [10594/11424] Built NavierStokes.PaperLocalization (5.4s)
✔ [10595/11424] Built Euler.CorrectionEnergyTime (17s)
✔ [10596/11424] Built Euler.PacketCylinderPrefixLocality (5.0s)
✔ [10597/11424] Built Euler.PacketCylinderFieldBounds (7.8s)
✔ [10598/11424] Built Euler.PacketCylinderScalarGradient (6.5s)
✔ [10599/11424] Built Euler.MeanPacketProvider (5.3s)
✔ [10600/11424] Built Euler.MeanPacketForcingAlgebra (4.9s)
✔ [10601/11424] Built Euler.GevreyEnergyPathLimit (9.4s)
✔ [10602/11424] Built Euler.PacketMatrixCoefficientGevrey (16s)
✔ [10603/11424] Built Euler.TransversePacketHistory (12s)
✔ [10604/11424] Built Euler.PacketTerminalInitialData (4.3s)
✔ [10605/11424] Built Euler.TransverseHistoryPolynomialCost (17s)
✔ [10606/11424] Built Euler.TransversePacketProvider (6.6s)
✔ [10607/11424] Built NavierStokes.PaperAdditionalResults (5.9s)
✔ [10608/11424] Built Euler.CorrectionEnergyBound (7.2s)
✔ [10609/11424] Built Euler.PacketGradeAbsorption (3.7s)
✔ [10610/11424] Built Euler.PacketCylinderFieldWeight (4.8s)
✔ [10611/11424] Built Euler.PacketCylinderPressureLocality (4.2s)
✔ [10612/11424] Built Euler.MeanPacketForcingProduct (3.9s)
✔ [10613/11424] Built Euler.MeanPacketConstraints (7.4s)
✔ [10614/11424] Built Euler.CorrectionLowerData (18s)
✔ [10615/11424] Built Euler.PacketCylinderScalarGradientBounds (9.1s)
✔ [10616/11424] Built Euler.PacketTerminalEnvelope (4.1s)
✔ [10617/11424] Built Euler.TransversePacketIntervalForcing (6.8s)
✔ [10618/11424] Built Euler.TransversePacketHistoryPressure (11s)
✔ [10619/11424] Built Euler.TransversePacketPressureGradient (6.3s)
✔ [10620/11424] Built Euler.TransverseHistoryParentCost (7.1s)
✔ [10621/11424] Built Euler.TransversePacketEndpoint (13s)
✔ [10622/11424] Built Euler.TransversePacketJets (3.8s)
✔ [10623/11424] Built Euler.TransversePacketRegularity (4.7s)
✔ [10624/11424] Built Euler.TransversePacketInitial (5.8s)
✔ [10625/11424] Built Euler.NonlinearEnergyConstants (4.5s)
✔ [10626/11424] Built NavierStokes.PaperResults (6.0s)
✔ [10627/11424] Built Euler.TransversePacketCorrector (10s)
✔ [10628/11424] Built Euler.PacketLinearCostAbsorption (3.5s)
✔ [10629/11424] Built Euler.MeanPacketNonlinearForcing (4.8s)
✔ [10630/11424] Built Euler.PacketCylinderWeightedProduct (5.8s)
✔ [10631/11424] Built Euler.MeanPacketReflection (9.9s)
✔ [10632/11424] Built Euler.MeanPacketJets (7.3s)
✔ [10633/11424] Built Euler.PacketGraphHessian (13s)
✔ [10634/11424] Built Euler.CorrectionEnergyRestriction (7.3s)
✔ [10635/11424] Built Euler.CorrectionSourceRestriction (14s)
✔ [10636/11424] Built Euler.PacketCylinderScalarGradientWeight (7.2s)
✔ [10637/11424] Built Euler.TransversePacketHistoryBounds (9.4s)
✔ [10638/11424] Built Euler.TransversePacketLocalHistory (4.4s)
✔ [10639/11424] Built Euler.ParentHistoryCostPolynomial (4.7s)
✔ [10640/11424] Built Euler.TransversePacketEndpointPointwise (5.1s)
✔ [10641/11424] Built Euler.DriftEnergyConstants (3.4s)
✔ [10642/11424] Built NavierStokes (4.8s)
✔ [10644/11424] Built Euler.TransversePacketCorrectorNoOptions (4.7s)
✔ [10645/11424] Built Euler.CorrectionEnergyData (7.0s)
✔ [10646/11424] Built Euler.TransversePacketCorrectorSupport (4.2s)
✔ [10647/11424] Built Euler.TransversePacketCorrectorMean (5.4s)
✔ [10648/11424] Built Euler.MeanPacketOrbitForcing (4.5s)
✔ [10649/11424] Built Euler.PacketTimeProfileArithmetic (4.5s)
✔ [10650/11424] Built Euler.TransversePacketCorrectorBounds (13s)
✔ [10651/11424] Built Euler.TransversePacketCoefficientBounds (11s)
✔ [10652/11424] Built Euler.MeanPacketParity (4.0s)
✔ [10653/11424] Built Euler.CorrectionLimitDerivative (4.6s)
✔ [10654/11424] Built Euler.TransversePacketPressureGradientBounds (6.6s)
✔ [10655/11424] Built Euler.InviscidCorrectionRestriction (9.8s)
✔ [10656/11424] Built Euler.TransversePacketMatching (9.7s)
✔ [10657/11424] Built Euler.DriftMetricForcing (7.1s)
✔ [10658/11424] Built Euler.GevreyCorrectionSourceBounds (7.4s)
✔ [10659/11424] Built Euler.GevreyStabilityBudget (4.2s)
✔ [10660/11424] Built Euler.CorrectionBudgetRestriction (4.9s)
✔ [10661/11424] Built Euler.CorrectionEnergyMajorants (6.2s)
✔ [10662/11424] Built Euler.TransversePacketCylinderFields (4.8s)
✔ [10663/11424] Built Euler.TransversePacketForwardBounds (20s)
✔ [10664/11424] Built Euler.MeanPacketPressureForcing (5.5s)
✔ [10665/11424] Built Euler.MeanPacketSobolevData (6.6s)
✔ [10666/11424] Built Euler.MeanPacketHomogeneity (8.3s)
✔ [10667/11424] Built Euler.MeanPacketAngularForcing (6.8s)
✔ [10668/11424] Built Euler.MeanPacketCylinderFields (7.6s)
✔ [10669/11424] Built Euler.MeanPacketContract (3.7s)
✔ [10670/11424] Built Euler.GevreyFamilyCompactness (5.6s)
✔ [10671/11424] Built Euler.DriftCorrectionBudget (4.6s)
✔ [10672/11424] Built Euler.TransversePacketTraceMatching (14s)
✔ [10673/11424] Built Euler.InviscidCorrectionCompatibility (14s)
✔ [10674/11424] Built Euler.CorrectionMildEnergy (4.3s)
✔ [10675/11424] Built Euler.CorrectionLimitPathDerivative (16s)
✔ [10676/11424] Built Euler.TransversePacketCorrectorOperator (3.9s)
✔ [10677/11424] Built Euler.TransversePacketInitialRepresentative (4.7s)
✔ [10678/11424] Built Euler.MeanPacketZeroForcing (3.9s)
✔ [10679/11424] Built Euler.TransversePacketBudget (7.0s)
✔ [10680/11424] Built Euler.PacketCylinderFieldAverage (3.7s)
✔ [10681/11424] Built Euler.TransversePacketForwardBudget (8.4s)
✔ [10682/11424] Built Euler.MeanPacketInitialZero (3.4s)
✔ [10683/11424] Built Euler.MeanCylinderWordBounds (7.8s)
✔ [10684/11424] Built Euler.CorrectionEnergyScalar (8.5s)
✔ [10685/11424] Built Euler.TransversePacketPrimaryMatching (15s)
✔ [10686/11424] Built Euler.TransversePacketJoinedPaths (14s)
✔ [10687/11424] Built Euler.PacketSourceOperators (4.4s)
✔ [10688/11424] Built Euler.TransversePacketPiolaData (3.4s)
✔ [10689/11424] Built Euler.TransverseHighSolveFields (4.1s)
✔ [10690/11424] Built Euler.TransversePacketCorrectorParity (5.3s)
✔ [10691/11424] Built Euler.CorrectionLimitEquation (16s)
✔ [10692/11424] Built Euler.MeanPacketEnvelopeBoundsNoOptions (6.8s)
✔ [10693/11424] Built Euler.MeanPacketEnvelopeBounds (6.9s)
✔ [10694/11424] Built Euler.PacketCylinderWeightedLinear (5.4s)
✔ [10695/11424] Built Euler.PacketCylinderKnownForce (3.5s)
✔ [10696/11424] Built Euler.PacketCylinderAngularRegularity (3.8s)
✔ [10697/11424] Built Euler.TransversePacketPrimaryBudget (4.0s)
✔ [10698/11424] Built Euler.TransversePacketNormalBudget (6.2s)
✔ [10699/11424] Built Euler.PacketParentTransverseCosts (7.1s)
✔ [10700/11424] Built Euler.DriftEnergyMajorants (4.6s)
✔ [10701/11424] Built Euler.CorrectionEnergyBootstrap (5.3s)
✔ [10702/11424] Built Euler.TransversePacketJoinedField (5.3s)
✔ [10703/11424] Built Euler.PacketCylinderPiolaCorrector (5.5s)
✔ [10704/11424] Built Euler.TransversePacketJoinedUnitBounds (14s)
✔ [10705/11424] Built Euler.TransversePacketParity (10s)
✔ [10706/11424] Built Euler.MeanPacketPathEnvelope (6.2s)
✔ [10707/11424] Built Euler.PacketCylinderBoundTransfer (6.0s)
✔ [10708/11424] Built Euler.PacketCylinderHighPartBounds (6.8s)
✔ [10709/11424] Built Euler.PacketCylinderWeightedAdvection (8.7s)
✔ [10710/11424] Built Euler.TransversePacketHomogeneity (24s)
✔ [10711/11424] Built Euler.PacketCylinderProfileChange (3.9s)
✔ [10712/11424] Built Euler.PacketCylinderHighSupport (4.0s)
✔ [10713/11424] Built Euler.PacketKnownPieces (4.1s)
✔ [10714/11424] Built Euler.PacketCylinderHighMean (3.6s)
✔ [10715/11424] Built Euler.PacketCylinderMeanParity (3.2s)
✔ [10716/11424] Built Euler.PacketParentForwardBudget (4.6s)
✔ [10717/11424] Built Euler.PacketParentNormalBudget (4.0s)
✔ [10718/11424] Built Euler.PacketParentJoinedBudget (6.5s)
✔ [10719/11424] Built Euler.DriftCorrectionEnergyBound (6.1s)
✔ [10720/11424] Built Euler.TransversePacketJoinedEquation (4.1s)
✔ [10721/11424] Built Euler.PacketCylinderPiolaPair (5.8s)
✔ [10722/11424] Built Euler.PartialCorrectionBootstrap (10s)
✔ [10723/11424] Built Euler.TransversePacketJoinedSupport (8.9s)
✔ [10724/11424] Built Euler.TransversePacketPressureParity (4.9s)
✔ [10725/11424] Built Euler.TransversePacketJoinedPressure (12s)
✔ [10726/11424] Built Euler.PacketCylinderTimeUnique (3.6s)
✔ [10727/11424] Built Euler.MeanPacketBudget (5.8s)
✔ [10728/11424] Built Euler.PacketFiniteSumBounds (3.6s)
✔ [10729/11424] Built Euler.PacketConvolutionBounds (3.4s)
✔ [10730/11424] Built Euler.PacketTimeProfiles (3.4s)
✔ [10731/11424] Built Euler.PacketCylinderTermBudget (5.0s)
✔ [10732/11424] Built Euler.PacketCylinderMeanStep (4.3s)
✔ [10733/11424] Built Euler.PacketCylinderHighForcing (5.1s)
✔ [10734/11424] Built Euler.TransversePacketAmplitude (12s)
✔ [10735/11424] Built Euler.PacketKnownDecomposition (9.0s)
✔ [10736/11424] Built Euler.PacketCylinderForcingParity (4.5s)
✔ [10737/11424] Built Euler.ParentCoefficientPolynomial (4.8s)
✔ [10738/11424] Built Euler.PacketShortTimePropagator (6.9s)
✔ [10739/11424] Built Euler.DriftCorrectionMildEnergy (4.0s)
✔ [10740/11424] Built Euler.GlobalGevreyCorrection (5.2s)
✔ [10741/11424] Built Euler.TransversePacketPressureGradientProperties (3.0s)
✔ [10742/11424] Built Euler.TransversePacketJoinedCorrector (8.8s)
✔ [10743/11424] Built Euler.TransversePacketHistoryParity (8.5s)
✔ [10744/11424] Built Euler.TransversePacketPrimaryPaths (13s)
✔ [10745/11424] Built Euler.PacketFiniteRemainderBounds (4.8s)
✔ [10746/11424] Built Euler.PacketMeanGradeBounds (3.9s)
✔ [10747/11424] Built Euler.PacketParentMeanBudget (11s)
✔ [10748/11424] Built Euler.PacketKnownPieceScales (3.6s)
✔ [10749/11424] Built Euler.PacketCylinderLinearTermBudget (3.4s)
✔ [10750/11424] Built Euler.PacketCylinderRecursiveAdmissibility (3.4s)
✔ [10751/11424] Built Euler.PacketSourceCoefficientBudget (5.7s)
✔ [10752/11424] Built Euler.PacketKnownTermFields (4.2s)
✔ [10753/11424] Built Euler.TransversePacketJoinedBounds (4.9s)
✔ [10754/11424] Built Euler.PacketCylinderHighParity (3.4s)
✔ [10755/11424] Built Euler.PacketShortTimePhysicalGrowth (5.2s)
✔ [10756/11424] Built Euler.ViscousCorrectionFamily (4.0s)
✔ [10757/11424] Built Euler.DriftCorrectionBootstrap (5.2s)
✔ [10758/11424] Built Euler.TransversePacketJoinedCorrectorSupport (8.6s)
✔ [10759/11424] Built Euler.TransversePacketPrimaryUnitBounds (17s)
✔ [10760/11424] Built Euler.TransversePacketPrimaryHomogeneity (18s)
✔ [10761/11424] Built Euler.TransversePacketPrimaryParity (13s)
✔ [10762/11424] Built Euler.TransversePacketJoinedCorrectorBounds (19s)
✔ [10763/11424] Built Euler.PacketKnownTermScales (3.7s)
✔ [10764/11424] Built Euler.PacketKnownPieceBounds (3.9s)
✔ [10765/11424] Built Euler.TransversePacketPrimaryEquation (5.8s)
✔ [10766/11424] Built Euler.PacketParentLabelBudgets (5.3s)
✔ [10767/11424] Built Euler.PacketTailNormalization (3.2s)
✔ [10768/11424] Built Euler.PacketUnweightedAdvection (3.3s)
✔ [10769/11424] Built Euler.PacketProfileRegularity (4.1s)
✔ [10770/11424] Built Euler.PacketKnownTermSums (4.5s)
✔ [10771/11424] Built Euler.TransversePacketJoinedParity (6.6s)
✔ [10772/11424] Built Euler.DriftPartialCorrectionBootstrap (9.7s)
✔ [10773/11424] Built Euler.GevreyInviscidEnergyCompactness (10s)
✔ [10774/11424] Built Euler.PacketKnownTermProfiles (3.2s)
✔ [10775/11424] Built Euler.PacketInitialAmplitude (6.0s)
✔ [10776/11424] Built Euler.TransversePacketPairAmplitude (13s)
✔ [10777/11424] Built Euler.PacketMaskedProductBounds (4.3s)
✔ [10778/11424] Built Euler.TransversePacketJoinedFullBounds (8.9s)
✔ [10779/11424] Built Euler.TransversePacketPrimaryField (5.3s)
✔ [10780/11424] Built Euler.SmoothL2Gevrey (4.6s)
✔ [10781/11424] Built Euler.PacketApproximationNormalization (3.6s)
✔ [10782/11424] Built Euler.PacketParentPhysicalBudgets (4.7s)
✔ [10783/11424] Built Euler.PacketProfileParity (3.4s)
✔ [10784/11424] Built Euler.PacketFiniteProfileFields (4.6s)
✔ [10785/11424] Built Euler.PacketResidualTailFields (3.7s)
✔ [10786/11424] Built Euler.PacketProfileStepRegularity (3.5s)
✔ [10787/11424] Built Euler.PacketProfileBudget (3.4s)
✔ [10788/11424] Built Euler.PacketPrimaryRegularity (3.2s)
✔ [10789/11424] Built Euler.DriftGlobalGevreyCorrection (5.3s)
✔ [10790/11424] Built Euler.TransversePacketJoinedProvider (6.3s)
✔ [10791/11424] Built Euler.TransversePacketPrimaryBounds (4.5s)
✔ [10792/11424] Built Euler.GlobalInviscidGevrey (8.1s)
✔ [10793/11424] Built Euler.PacketKnownTermBounds (4.4s)
✔ [10794/11424] Built Euler.PacketJoinedGradeBounds (5.5s)
✔ [10795/11424] Built Euler.TransversePacketForwardNorms (7.5s)
✔ [10796/11424] Built Euler.TransversePacketPrimaryHistory (5.2s)
✔ [10797/11424] Built Euler.TransversePacketPrimaryCorrector (10s)
✔ [10798/11424] Built Euler.TransversePacketPrimaryPressure (12s)
✔ [10799/11424] Built Euler.StaticCylinderField (10s)
✔ [10800/11424] Built Euler.PhysicalGraphGevrey (9.0s)
✔ [10801/11424] Built Euler.SobolevSourceExponent (4.2s)
✔ [10802/11424] Built Euler.OrdinarySmoothWords (4.3s)
✔ [10803/11424] Built Euler.PacketMatrixNormalization (4.5s)
✔ [10804/11424] Built Euler.PacketProfileStepParity (4.4s)
✔ [10805/11424] Built Euler.PacketTailSumBounds (3.2s)
✔ [10806/11424] Built Euler.PacketProfilesRegularity (3.3s)
✔ [10807/11424] Built Euler.PacketFiniteParity (4.5s)
✔ [10808/11424] Built Euler.PacketFieldTimeFreeze (5.9s)
✔ [10809/11424] Built Euler.PacketProfileCoarseBounds (3.5s)
✔ [10810/11424] Built Euler.PacketProfileBudgetTransport (3.3s)
✔ [10811/11424] Built Euler.PacketBudgetTimeChange (3.2s)
✔ [10812/11424] Built Euler.PacketPrimaryParity (3.6s)
✔ [10813/11424] Built Euler.DriftViscousCorrectionFamily (3.7s)
✔ [10814/11424] Built Euler.PacketJoinedStepParity (4.3s)
✔ [10815/11424] Built Euler.PacketJoinedStepRegularity (3.8s)
✔ [10816/11424] Built Euler.PacketJoinedSourceOperators (2.9s)
✔ [10817/11424] Built Euler.PacketForcingBounds (4.0s)
✔ [10818/11424] Built Euler.PacketCommonRadius (4.7s)
✔ [10819/11424] Built Euler.AllOrderCorrectionData (6.6s)
✔ [10820/11424] Built Euler.PacketPrimaryShearIdentity (6.8s)
✔ [10821/11424] Built Euler.TransversePacketForwardFullBounds (9.4s)
✔ [10822/11424] Built Euler.PacketPrimaryFactorization (8.1s)
✔ [10823/11424] Built Euler.PacketPrimarySourceRegularity (3.8s)
✔ [10824/11424] Built Euler.SmoothTimeAmplitudeBounds (5.0s)
✔ [10825/11424] Built Euler.SmoothL2ScalingContinuity (5.3s)
✔ [10826/11424] Built Euler.OrdinaryWordConstraints (5.5s)
✔ [10827/11424] Built Euler.OrdinaryFieldAlgebra (6.5s)
✔ [10828/11424] Built Euler.PacketConstructedProfiles (3.7s)
✔ [10829/11424] Built Euler.PacketProfilesParity (4.8s)
✔ [10830/11424] Built Euler.TransversePacketPrimaryFullBounds (19s)
✔ [10831/11424] Built Euler.PacketFieldParityAlgebra (3.4s)
✔ [10832/11424] Built Euler.PacketFiniteVelocityBounds (3.3s)
✔ [10833/11424] Built Euler.PacketFiniteAssemblyBounds (3.4s)
✔ [10834/11424] Built Euler.PacketProfileBudgetTimeChange (3.0s)
✔ [10835/11424] Built Euler.PacketGevreyProfileChoice (3.1s)
✔ [10836/11424] Built Euler.PacketJoinedProfilesRegularity (3.5s)
✔ [10837/11424] Built Euler.PacketForwardPrimary (5.2s)
✔ [10838/11424] Built Euler.PacketJoinedStepBudget (3.7s)
✔ [10839/11424] Built Euler.TransversePacketPrimaryRadius (3.6s)
✔ [10840/11424] Built Euler.PacketFieldTower (3.4s)
✔ [10841/11424] Built Euler.DriftGevreyInviscidEnergyCompactness (9.8s)
✔ [10842/11424] Built Euler.FieldTowerGraph (5.1s)
✔ [10843/11424] Built Euler.CorrectionAssemblyData (6.0s)
✔ [10844/11424] Built Euler.FieldTowerRepresentative (4.3s)
✔ [10845/11424] Built Euler.AllOrderCorrectionCoherence (7.5s)
✔ [10846/11424] Built Euler.CoefficientPathSmooth (10s)
✔ [10847/11424] Built Euler.TransversePacketForwardGradeBounds (5.3s)
✔ [10848/11424] Built Euler.PacketPrimaryFullShear (6.8s)
✔ [10849/11424] Built Euler.PacketPrimarySourceParity (4.0s)
✔ [10850/11424] Built Euler.OrdinaryGradientInterpolation (5.1s)
✔ [10851/11424] Built Euler.PacketSourceProfiles (3.5s)
✔ [10852/11424] Built Euler.OrdinaryWordTime (8.3s)
✔ [10853/11424] Built Euler.OrdinaryTransportCancellation (5.0s)
✔ [10854/11424] Built Euler.PacketTailLinearBounds (4.1s)
✔ [10855/11424] Built Euler.PacketPrimaryGradeBounds (5.1s)
✔ [10856/11424] Built Euler.PacketTailProductBounds (3.9s)
✔ [10857/11424] Built Euler.PacketProfileEnvelope (3.2s)
✔ [10858/11424] Built Euler.PacketFiniteProfileBounds (3.7s)
✔ [10859/11424] Built Euler.PacketTerminalPrimaryFields (3.6s)
✔ [10860/11424] Built Euler.PacketInitialFields (6.9s)
✔ [10861/11424] Built Euler.PacketJoinedProfilesParity (3.5s)
✔ [10862/11424] Built Euler.PacketMeanPressureStepBound (4.5s)
✔ [10863/11424] Built Euler.PacketFieldSobolev (6.0s)
✔ [10864/11424] Built Euler.DriftGlobalInviscidGevrey (7.3s)
✔ [10865/11424] Built Euler.FieldTowerGraphDerivative (4.0s)
✔ [10866/11424] Built Euler.LiftedTransportTrace (4.1s)
✔ [10867/11424] Built Euler.FieldTowerPointwiseGevrey (4.6s)
✔ [10868/11424] Built Euler.FieldTowerAlgebra (6.3s)
✔ [10869/11424] Built Euler.CorrectionAssemblyCompatibility (9.0s)
✔ [10870/11424] Built Euler.FieldTowerTimeRestriction (7.2s)
✔ [10871/11424] Built Euler.AllOrderDriftBudget (3.6s)
✔ [10872/11424] Built Euler.AllOrderCorrectionBudget (6.0s)
✔ [10873/11424] Built Euler.CoefficientPathBounds (8.7s)
✔ [10874/11424] Built Euler.PacketForwardPrimaryBounds (6.8s)
✔ [10875/11424] Built Euler.PacketForwardForcedBounds (4.9s)
✔ [10876/11424] Built Euler.PacketForwardCommonRadius (4.6s)
✔ [10877/11424] Built Euler.PacketPrimaryScaling (4.7s)
✔ [10878/11424] Built Euler.PacketSourceParity (4.2s)
✔ [10879/11424] Built Euler.CoefficientPathSobolev (11s)
✔ [10880/11424] Built Euler.PacketSourceRegularity (3.6s)
✔ [10881/11424] Built Euler.PacketPrimaryCommonRadius (3.7s)
✔ [10882/11424] Built Euler.PacketSourceEquations (4.2s)
✔ [10883/11424] Built Euler.PacketTailNonlinearBounds (3.9s)
✔ [10884/11424] Built Euler.PacketFiniteCoarseBounds (3.9s)
✔ [10885/11424] Built Euler.PacketTerminalPrimaryBudget (3.1s)
✔ [10886/11424] Built Euler.PacketInitialSupport (3.6s)
✔ [10887/11424] Built Euler.PacketJoinedSourceProfiles (3.7s)
✔ [10888/11424] Built Euler.PacketFieldSobolevBudget (4.6s)
✔ [10889/11424] Built Euler.PacketFieldMap (4.3s)
✔ [10890/11424] Built Euler.PacketFieldGraphBounds (3.0s)
✔ [10891/11424] Built Euler.CorrectionAssemblyCommon (6.0s)
✔ [10892/11424] Built Euler.FieldTowerSmoothTimeField (9.0s)
✔ [10893/11424] Built Euler.AllOrderDriftFinite (6.8s)
✔ [10894/11424] Built Euler.AllOrderCorrectionStability (3.6s)
✔ [10895/11424] Built Euler.FieldTowerCanonicalGraph (4.4s)
✔ [10896/11424] Built Euler.ConstantCorrectionData (10s)
✔ [10897/11424] Built Euler.PacketForwardStepBudget (3.8s)
✔ [10898/11424] Built Euler.CoefficientPathWeightedBounds (6.7s)
✔ [10899/11424] Built Euler.PacketPrimaryDynamics (6.1s)
✔ [10900/11424] Built Euler.PacketPrimaryPressureShear (6.1s)
✔ [10901/11424] Built Euler.PacketCoefficientTower (4.7s)
✔ [10902/11424] Built Euler.PacketSourceMeanZero (3.5s)
✔ [10903/11424] Built Euler.PacketInitializedRadius (3.2s)
✔ [10904/11424] Built Euler.PacketSourceResidual (3.3s)
✔ [10905/11424] Built Euler.PacketCylinderMeanSolenoidal (3.5s)
✔ [10906/11424] Built Euler.PacketTailGradeBounds (3.4s)
✔ [10907/11424] Built Euler.ParentPacketSourceData (8.3s)
✔ [10908/11424] Built Euler.PacketCorrectionConstants (3.4s)
✔ [10909/11424] Built Euler.PacketInitialBounds (5.0s)
✔ [10910/11424] Built Euler.PacketFiniteApproximationBounds (3.5s)
✔ [10911/11424] Built Euler.PacketSourceInitialMean (3.4s)
✔ [10912/11424] Built Euler.PacketJoinedSourceEquations (4.0s)
✔ [10913/11424] Built Euler.PacketFieldTensorBounds (4.3s)
✔ [10914/11424] Built Euler.PacketFieldDrift (4.6s)
✔ [10915/11424] Built Euler.CorrectionAssemblyPressure (6.7s)
✔ [10916/11424] Built Euler.FieldTowerJetLp (4.7s)
✔ [10917/11424] Built Euler.FieldTowerPhysicalL2 (4.1s)
✔ [10918/11424] Built Euler.SmallCorrectionScales (4.3s)
✔ [10919/11424] Built Euler.AllOrderCorrectionFamily (9.6s)
✔ [10920/11424] Built Euler.CoefficientPathPressureBounds (5.4s)
✔ [10921/11424] Built Euler.PacketActivationRay (5.6s)
✔ [10922/11424] Built Euler.PacketPrimaryUncut (11s)
✔ [10923/11424] Built Euler.PacketPhysicalLowBounds (8.6s)
✔ [10924/11424] Built Euler.PacketSourceCorrectionCoefficients (8.6s)
✔ [10925/11424] Built Euler.PacketForwardUniformProfiles (3.3s)
✔ [10926/11424] Built Euler.PacketSourcePiola (3.7s)
✔ [10927/11424] Built Euler.PacketInitializedCanonicalRadius (3.4s)
✔ [10928/11424] Built Euler.PacketCorrectionScalar (4.7s)
✔ [10929/11424] Built Euler.PacketApproximationBounds (4.0s)
✔ [10930/11424] Built Euler.ParentPacketPhysicalCoefficients (5.3s)
✔ [10931/11424] Built Euler.PacketResidualTailActual (53s)
✔ [10932/11424] Built Euler.PacketJoinedSourceRegularity (3.7s)
✔ [10933/11424] Built Euler.PacketJoinedSourceConstraints (4.0s)
✔ [10934/11424] Built Euler.PacketFieldSmoothTimeField (5.2s)
✔ [10935/11424] Built Euler.PacketPressureFastHessian (7.1s)
✔ [10936/11424] Built Euler.CorrectionAssemblyRealizations (5.5s)
✔ [10937/11424] Built Euler.PacketFieldJetLp (4.1s)
✔ [10938/11424] Built Euler.PacketFieldPhysicalSobolev (5.4s)
✔ [10939/11424] Built Euler.PacketPhysicalFrequencyBounds (4.9s)
✔ [10940/11424] Built Euler.SmallCorrectionBounds (4.3s)
✔ [10941/11424] Built Euler.FieldTowerPhysicalContinuity (4.4s)
✔ [10942/11424] Built Euler.AllOrderLiftedCorrection (5.1s)
✔ [10943/11424] Built Euler.PacketCoefficientTowerBounds (6.8s)
✔ [10944/11424] Built Euler.PacketForwardFactorization (6.4s)
✔ [10945/11424] Built Euler.PacketActivationSourceData (7.2s)
✔ [10946/11424] Built Euler.PacketCoordinateJets (7.5s)
✔ [10947/11424] Built Euler.PacketCorrectionMetric (7.8s)
✔ [10948/11424] Built Euler.PacketActivationHistory (9.8s)
✔ [10949/11424] Built Euler.PacketForwardInitializedProfiles (3.8s)
✔ [10950/11424] Built Euler.PacketSourceSolenoidal (6.7s)
✔ [10951/11424] Built Euler.PacketRadiusCostPolynomial (6.4s)
✔ [10952/11424] Built Euler.PacketSourceCoefficientGevrey (11s)
✔ [10953/11424] Built Euler.PacketActivationLipschitz (21s)
✔ [10954/11424] Built Euler.PacketSourceFrequency (3.7s)
✔ [10955/11424] Built Euler.ParentLagrangianEuler (4.7s)
✔ [10956/11424] Built Euler.ParentPacketHessianSymmetry (6.4s)
✔ [10957/11424] Built Euler.PacketRemainderBounds (5.4s)
✔ [10958/11424] Built Euler.PacketProfileTailGrade (5.4s)
✔ [10959/11424] Built Euler.PacketJoinedSourceResidual (5.6s)
✔ [10960/11424] Built Euler.PacketJoinedUniformProfiles (3.8s)
✔ [10961/11424] Built Euler.ParentPacketStrainEvolution (15s)
✔ [10962/11424] Built Euler.PacketJoinedSourcePiola (3.7s)
✔ [10963/11424] Built Euler.CorrectionAssemblyParity (5.2s)
✔ [10964/11424] Built Euler.PacketInitialPhysical (6.3s)
✔ [10965/11424] Built Euler.PacketPrimaryGlobalShear (7.8s)
✔ [10966/11424] Built Euler.FlowL2Transport (4.2s)
✔ [10967/11424] Built Euler.SmallCorrectionBudget (4.2s)
✔ [10968/11424] Built Euler.PacketPhysicalPressureGevrey (8.4s)
✔ [10969/11424] Built Euler.AllOrderPressureCoherence (7.1s)
✔ [10970/11424] Built Euler.PacketFirstPressureSign (9.1s)
✔ [10971/11424] Built Euler.PacketCoordinateResidual (7.5s)
✔ [10972/11424] Built Euler.PacketCorrectionSourceData (4.1s)
✔ [10973/11424] Built Euler.PacketCorrectionMetricTime (9.5s)
✔ [10974/11424] Built Euler.PacketForwardInitializedProfilesParity (3.5s)
✔ [10975/11424] Built Euler.PacketCorrectionCoefficientBudget (6.0s)
✔ [10976/11424] Built Euler.PacketCorrectionRapidDecay (4.6s)
✔ [10977/11424] Built Euler.PacketInitializedRadiusPolynomial (11s)
✔ [10978/11424] Built Euler.PacketActivationData (19s)
✔ [10979/11424] Built Euler.PacketNormalDriftBounds (3.8s)
✔ [10980/11424] Built Euler.PacketProfileTailEstimates (3.8s)
✔ [10981/11424] Built Euler.PacketInitializedProfiles (3.4s)
✔ [10982/11424] Built Euler.PacketJoinedSourceSolenoidal (4.8s)
✔ [10983/11424] Built Euler.PacketSourceResidualFields (58s)
✔ [10984/11424] Built Euler.PacketForwardPrimaryShear (8.3s)
✔ [10985/11424] Built Euler.PacketPhysicalFieldTower (6.6s)
✔ [10986/11424] Built Euler.VolumeSobolevComposition (7.3s)
✔ [10987/11424] Built Euler.AllOrderSmoothPressure (4.4s)
✔ [10988/11424] Built Euler.PacketPressureFastBounds (6.8s)
✔ [10989/11424] Built Euler.PacketScalarPressureGradient (6.0s)
✔ [10990/11424] Built Euler.PacketCorrectionCoefficientParity (6.2s)
✔ [10991/11424] Built Euler.PacketCoordinateSobolev (9.6s)
✔ [10992/11424] Built Euler.PacketForwardCoefficientBudgets (3.9s)
✔ [10993/11424] Built Euler.PacketCorrectionMetricBudget (10s)
✔ [10994/11424] Built Euler.PacketCorrectionPrimitivePolynomial (5.6s)
✔ [10995/11424] Built Euler.PacketJoinedCoefficientBudgets (3.3s)
✔ [10996/11424] Built Euler.PacketLiftedSmallness (3.7s)
✔ [10997/11424] Built Euler.PacketForwardApproximationBounds (5.1s)
✔ [10998/11424] Built Euler.PacketSourceRadiusPolynomial (9.0s)
✔ [10999/11424] Built Euler.PacketActivationFrame (8.6s)
✔ [11000/11424] Built Euler.PacketInitializedProfilesParity (3.8s)
✔ [11001/11424] Built Euler.LiftedSmoothTimeField (7.0s)
✔ [11002/11424] Built Euler.PacketJoinedApproximationBounds (4.6s)
✔ [11003/11424] Built Euler.PacketForwardResidualBounds (4.1s)
✔ [11004/11424] Built Euler.GevreyCompositionLp (3.9s)
✔ [11005/11424] Built Euler.CommonPressureRepresentative (4.6s)
✔ [11006/11424] Built Euler.PacketScalarPressureGrade (7.2s)
✔ [11007/11424] Built Euler.VolumeSobolevPath (11s)
✔ [11008/11424] Built Euler.PacketJoinedResidualFields (61s)
✔ [11009/11424] Built Euler.PacketPressureWitness (6.6s)
✔ [11010/11424] Built Euler.PacketCorrectionGrowth (3.2s)
✔ [11011/11424] Built Euler.PacketUniformFrequencyMargin (4.6s)
✔ [11012/11424] Built Euler.PacketCorrectionMetricBounds (7.8s)
✔ [11013/11424] Built Euler.PacketForwardRadiusPolynomial (6.3s)
✔ [11014/11424] Built Euler.PacketActivationInitial (6.0s)
✔ [11015/11424] Built Euler.PacketForwardInitializedBounds (4.0s)
✔ [11016/11424] Built Euler.FieldTowerGraphGevrey (7.4s)
✔ [11017/11424] Built Euler.LiftedSmoothTimeFieldBounds (6.2s)
✔ [11018/11424] Built Euler.GevreyProductLp (4.3s)
✔ [11019/11424] Built Euler.CylinderJetLpMap (9.9s)
✔ [11020/11424] Built Euler.GevreyJetCompositionLp (3.0s)
✔ [11021/11424] Built Euler.CorrectionAssemblyReconstruction (4.3s)
✔ [11022/11424] Built Euler.PacketAngularPressureStepBound (3.8s)
✔ [11023/11424] Built Euler.PacketPressureCovector (5.1s)
✔ [11024/11424] Built Euler.PacketForwardScalarPressureGrade (7.2s)
✔ [11025/11424] Built Euler.PacketMeanPressureGradient (5.6s)
✔ [11026/11424] Built Euler.PacketJoinedResidualBounds (4.4s)
✔ [11027/11424] Built Euler.PacketForwardCanonicalRadius (3.5s)
✔ [11028/11424] Built Euler.PacketCorrectionPrimitiveBounds (7.7s)
✔ [11029/11424] Built Euler.FieldTowerVolumeSobolev (14s)
✔ [11030/11424] Built Euler.PacketActivationNeighbor (4.3s)
✔ [11031/11424] Built Euler.PacketActivationConstructed (4.8s)
✔ [11032/11424] Built Euler.PacketForwardInitializedCorrectionData (4.2s)
✔ [11033/11424] Built Euler.OrdinaryWordBounds (4.9s)
✔ [11034/11424] Built Euler.SmoothL2GevreyCalculus (7.7s)
✔ [11035/11424] Built Euler.SmoothL2ClassicalBounds (6.2s)
✔ [11036/11424] Built Euler.GevreyFlowLpIntegration (3.0s)
✔ [11037/11424] Built Euler.CylinderJetLpAlgebra (5.8s)
✔ [11038/11424] Built Euler.CorrectionAssemblyPressureParity (3.4s)
✔ [11039/11424] Built Euler.PacketSourcePressureAssembly (3.9s)
✔ [11040/11424] Built Euler.PacketInitializedPressureBudgets (5.5s)
✔ [11041/11424] Built Euler.CorrectionAssemblyTime (6.7s)
✔ [11042/11424] Built Euler.PacketJoinedPressureAssembly (4.8s)
✔ [11043/11424] Built Euler.ParentCorrectionCostEnvelope (3.3s)
✔ [11044/11424] Built Euler.PacketInitializedBounds (4.6s)
✔ [11045/11424] Built Euler.PacketSourcePrimitiveBounds (3.3s)
✔ [11046/11424] Built Euler.PacketSourceVolumeSobolev (5.5s)
✔ [11047/11424] Built Euler.PacketForwardInitializedSolenoidal (4.0s)
✔ [11048/11424] Built Euler.PacketForwardInitializedCorrectionNorms (4.6s)
✔ [11049/11424] Built Euler.OrdinaryH3Norms (4.6s)
✔ [11050/11424] Built Euler.PacketForwardInitializedFieldParity (5.3s)
✔ [11051/11424] Built Euler.PacketSourceGeometryData (10s)
✔ [11052/11424] Built Euler.OrdinaryH3Products (6.5s)
✔ [11053/11424] Built Euler.CompactSmoothL2Bounds (4.1s)
✔ [11054/11424] Built Euler.OrdinaryWordInterpolation (4.8s)
✔ [11055/11424] Built Euler.GevreyCompactProduct (4.1s)
✔ [11056/11424] Built Euler.PacketForwardInitializedPressure (3.6s)
✔ [11057/11424] Built Euler.AllOrderDriftPressure (5.4s)
✔ [11058/11424] Built Euler.ChildParticleFieldBounds (8.3s)
✔ [11059/11424] Built Euler.SmoothCylinderGevrey (8.8s)
✔ [11060/11424] Built Euler.PacketPressureRemainder (4.9s)
✔ [11061/11424] Built Euler.PacketForwardPressureBudgets (6.1s)
✔ [11062/11424] Built Euler.PacketInitializedCorrectionData (4.3s)
✔ [11063/11424] Built Euler.PacketForwardInitializedSpatialBudget (4.7s)
✔ [11064/11424] Built Euler.PacketSourceSmoothField (6.5s)
✔ [11065/11424] Built Euler.OrdinaryFieldScaling (5.3s)
✔ [11066/11424] Built Euler.AllOrderDriftCorrection (13s)
✔ [11067/11424] Built Euler.PacketForwardInitializedCorrectionParity (4.1s)
✔ [11068/11424] Built Euler.WholeSpaceGaussianFields (6.9s)
✔ [11069/11424] Built Euler.ParentFrameReframe (8.5s)
✔ [11070/11424] Built Euler.OrdinaryGradientProducts (7.0s)
✔ [11071/11424] Built Euler.ParentPacketGeometryFrame (13s)
✔ [11072/11424] Built Euler.PacketSourceGeometryAssembly (11s)
✔ [11073/11424] Built Euler.OrdinaryTameProduct (4.3s)
✔ [11074/11424] Built Euler.OrdinaryH3Commutator (4.0s)
✔ [11075/11424] Built Euler.BaseEulerDatum (5.1s)
✔ [11076/11424] Built Euler.PacketPhysicalCorrectionPotential (5.8s)
✔ [11077/11424] Built Euler.ChildParticleFieldTime (5.0s)
✔ [11078/11424] Built Euler.ChildParticleSourceBound (5.2s)
✔ [11079/11424] Built Euler.PacketInitializedSolenoidal (3.8s)
✔ [11080/11424] Built Euler.SmoothCylinderComposition (6.0s)
✔ [11081/11424] Built Euler.PacketInitializedFieldParity (5.1s)
✔ [11082/11424] Built Euler.PacketInitializedCorrectionNorms (4.7s)
✔ [11083/11424] Built Euler.PacketForwardInitializedAllOrderBudget (6.8s)
✔ [11084/11424] Built Euler.PacketEulerianRegularity (10s)
✔ [11085/11424] Built Euler.AllOrderDriftRadiusBounds (5.6s)
✔ [11086/11424] Built Euler.AllOrderDriftEquation (11s)
✔ [11087/11424] Built Euler.CorrectionAssemblySourceTower (10s)
✔ [11088/11424] Built Euler.WholeSpaceGaussianHigh (4.9s)
✔ [11089/11424] Built Euler.PacketSourceGeometryGrowth (4.2s)
✔ [11090/11424] Built Euler.ParentPacketPhysicalFrame (6.4s)
✔ [11091/11424] Built Euler.PacketForwardGeometryData (9.2s)
✔ [11092/11424] Built Euler.OrdinaryH3Energy (5.9s)
✔ [11093/11424] Built Euler.BaseEulerGevrey (7.3s)
✔ [11094/11424] Built Euler.PacketInitializedCorrectionParity (4.0s)
✔ [11095/11424] Built Euler.PacketInitializedSpatialBudget (5.0s)
✔ [11096/11424] Built Euler.PacketForwardInitializedCorrectionChoice (4.9s)
✔ [11097/11424] Built Euler.SmoothCylinderAccelerationLp (11s)
✔ [11098/11424] Built Euler.PacketInitializedResidualEquation (5.1s)
✔ [11099/11424] Built Euler.PacketForwardInitializedResidualEquation (5.4s)
✔ [11100/11424] Built Euler.AllOrderDriftPressureBounds (5.1s)
✔ [11101/11424] Built Euler.AllOrderDriftGraph (5.2s)
✔ [11102/11424] Built Euler.WholeSpaceGaussianElliptic (4.6s)
✔ [11103/11424] Built Euler.PacketGeometryLowBounds (7.4s)
✔ [11104/11424] Built Euler.PacketForwardGeometryAssembly (6.1s)
✔ [11105/11424] Built Euler.ParentPacketPrimaryCenter (7.7s)
✔ [11106/11424] Built Euler.OrdinaryTameEnergy (6.4s)
✔ [11107/11424] Built Euler.BaseEulerUniform (4.5s)
✔ [11108/11424] Built Euler.OrdinaryEulerDifference (6.4s)
✔ [11109/11424] Built Euler.SmoothCylinderAccelerationComposition (5.7s)
✔ [11110/11424] Built Euler.PacketInitializedAllOrderBudget (6.7s)
✔ [11111/11424] Built Euler.PacketInitializedTimeBounds (4.3s)
✔ [11112/11424] Built Euler.PacketForwardInitializedTimeBounds (5.0s)
✔ [11113/11424] Built Euler.PacketInitializedRemainder (7.7s)
✔ [11114/11424] Built Euler.PacketForwardRemainder (6.7s)
✔ [11115/11424] Built Euler.CorrectionSmoothTimeField (5.3s)
✔ [11116/11424] Built Euler.AllOrderDriftResidualBounds (4.9s)
✔ [11117/11424] Built Euler.AllOrderDriftPointwiseBounds (4.0s)
✔ [11118/11424] Built Euler.WholeSpaceLogarithmic (4.7s)
✔ [11119/11424] Built Euler.PacketForwardGeometryLowBounds (4.8s)
✔ [11120/11424] Built Euler.OrdinaryGradientEnergy (4.3s)
✔ [11121/11424] Built Euler.EvolutionTimeShift (4.0s)
✔ [11122/11424] Built Euler.OrdinaryH3Envelope (5.9s)
✔ [11123/11424] Built Euler.PacketInitializedCorrectionChoice (5.3s)
✔ [11124/11424] Built Euler.PhysicalGraphFlowBounds (9.4s)
✔ [11125/11424] Built Euler.PacketInitializedPressureRemainder (7.0s)
✔ [11126/11424] Built Euler.PacketInitializedInitial (5.6s)
✔ [11127/11424] Built Euler.PacketForwardPressureRemainder (5.6s)
✔ [11128/11424] Built Euler.PacketFiveCostPolynomial (12s)
✔ [11129/11424] Built Euler.PacketInitializedCorrectionBounds (3.3s)
✔ [11130/11424] Built Euler.PacketFirstLowBounds (5.2s)
✔ [11131/11424] Built Euler.PacketGeometryControlledGrowth (4.3s)
✔ [11132/11424] Built Euler.OrdinaryEulerStability (6.3s)
✔ [11133/11424] Built Euler.PacketGraphFlowFieldBounds (5.4s)
✔ [11134/11424] Built Euler.PhysicalGraphFlowSupBounds (4.4s)
✔ [11135/11424] Built Euler.PacketInitializedExactLifted (8.1s)
✔ [11136/11424] Built Euler.PhysicalGraphTimeFields (4.8s)
✔ [11137/11424] Built Euler.PacketInitializedHessianError (7.0s)
✔ [11138/11424] Built Euler.PacketForwardHessianError (7.6s)
✔ [11139/11424] Built Euler.PacketFiveCostGuards (7.5s)
✔ [11140/11424] Built Euler.PacketInitializedCorrectionEstimateChoice (8.9s)
✔ [11141/11424] Built Euler.PacketGeometryJoinedBudget (4.2s)
✔ [11142/11424] Built Euler.PacketCorrectionOutputPolynomial (7.5s)
✔ [11143/11424] Built Euler.PacketForwardInitializedCorrectionEstimates (8.9s)
✔ [11144/11424] Built Euler.OrdinaryEulerRestriction (3.7s)
✔ [11145/11424] Built Euler.H3CurlConvergence (4.2s)
✔ [11146/11424] Built Euler.AllOrderDriftFieldDecomposition (3.6s)
✔ [11147/11424] Built Euler.PhysicalChildFields (4.8s)
✔ [11148/11424] Built Euler.OrdinaryEulerL2Stability (5.7s)
✔ [11149/11424] Built Euler.PacketForwardInitializedExactLifted (4.0s)
✔ [11150/11424] Built Euler.PacketGraphFlowSupBounds (9.2s)
✔ [11151/11424] Built Euler.PhysicalChildStructure (4.9s)
✔ [11152/11424] Built Euler.PacketInitializedUniformCosts (3.7s)
✔ [11153/11424] Built Euler.PacketInitializedPointwiseChoice (5.1s)
✔ [11154/11424] Built Euler.ExactLiftedPointwise (9.7s)
✔ [11155/11424] Built Euler.OrdinaryEulerVaryingHorizon (4.4s)
✔ [11156/11424] Built Euler.PacketLiftedCoefficient (4.1s)
✔ [11157/11424] Built Euler.PhysicalChildSourceBound (4.3s)
✔ [11158/11424] Built Euler.OrdinaryEulerHigherEnergy (4.3s)
✔ [11159/11424] Built Euler.OrdinaryQuadraticControl (4.1s)
✔ [11160/11424] Built Euler.PacketExactShearError (5.7s)
✔ [11161/11424] Built Euler.OrdinaryVariableGronwall (3.9s)
✔ [11162/11424] Built Euler.PacketInitializedParameterBounds (3.8s)
✔ [11163/11424] Built Euler.PhysicalChildParent (4.9s)
✔ [11164/11424] Built Euler.PacketInitializedUniformBudget (4.6s)
✔ [11165/11424] Built Euler.PacketGraphFlowExplicitBounds (12s)
✔ [11166/11424] Built Euler.SmallCorrectionResidual (7.7s)
✔ [11167/11424] Built Euler.ExactLiftedJointDifferentiability (7.4s)
✔ [11168/11424] Built Euler.PacketInitializedPhysicalChoice (5.4s)
✔ [11169/11424] Built Euler.PacketLiftedParity (3.4s)
✔ [11170/11424] Built Euler.PacketUniversalFrequency (3.4s)
✔ [11171/11424] Built Euler.PacketInitializedInitialExact (5.1s)
✔ [11172/11424] Built Euler.PacketLiftedCoefficientBounds (9.5s)
✔ [11173/11424] Built Euler.PacketExactGlobalShear (7.6s)
✔ [11174/11424] Built Euler.OrdinaryCauchyInterpolation (11s)
✔ [11175/11424] Built Euler.PacketForwardUniformCosts (3.8s)
✔ [11176/11424] Built Euler.OrdinaryEulerGradientControl (4.0s)
✔ [11177/11424] Built Euler.ParentPacketLabelData (5.4s)
✔ [11178/11424] Built Euler.StaticEulerCorrection (3.9s)
✔ [11179/11424] Built Euler.PhysicalChildVelocity (4.8s)
✔ [11180/11424] Built Euler.PacketInitializedUniformBounds (6.6s)
✔ [11181/11424] Built Euler.SmallCorrectionParity (3.4s)
✔ [11182/11424] Built Euler.ExactLiftedGraphPressure (3.9s)
✔ [11183/11424] Built Euler.PacketExactSourceEquation (6.3s)
✔ [11184/11424] Built Euler.PacketInitialSmoothFields (4.2s)
✔ [11185/11424] Built Euler.PacketInitializedPhysicalFieldsChoice (9.9s)
✔ [11186/11424] Built Euler.OrdinaryEulerRescaling (5.3s)
✔ [11187/11424] Built Euler.PacketLiftedTimeBounds (8.4s)
✔ [11188/11424] Built Euler.OrdinarySobolevTower (8.4s)
✔ [11189/11424] Built Euler.OrdinaryGradientStability (4.8s)
✔ [11190/11424] Built Euler.ParentPacketScaledBounds (6.5s)
✔ [11191/11424] Built Euler.OrdinaryEulerVorticity (6.6s)
✔ [11192/11424] Built Euler.ParentPacketRestriction (5.6s)
✔ [11193/11424] Built Euler.StaticEulerWeightedBounds (4.3s)
✔ [11194/11424] Built Euler.PhysicalChildPacketMatch (4.5s)
✔ [11195/11424] Built Euler.PacketForwardExactFields (6.0s)
✔ [11196/11424] Built Euler.PacketForwardUniformBudget (8.6s)
✔ [11197/11424] Built Euler.PacketExactPressureError (6.0s)
✔ [11198/11424] Built Euler.PacketExactPhysicalMomentum (6.3s)
✔ [11199/11424] Built Euler.PacketInitializedHessianChoice (5.8s)
✔ [11200/11424] Built Euler.PacketWeightedPhysicalErrors (8.3s)
✔ [11201/11424] Built Euler.PacketLiftedFlowData (4.5s)
✔ [11202/11424] Built Euler.OrdinaryStrongTime (7.6s)
✔ [11203/11424] Built Euler.OrdinaryHelmholtzField (10s)
✔ [11204/11424] Built Euler.OrdinaryVorticityCoordinates (8.8s)
✔ [11205/11424] Built Euler.ConstantEulerGraph (26s)
✔ [11206/11424] Built Euler.ParentPacketForwardInput (5.2s)
✔ [11207/11424] Built Euler.BaseEulerGuards (5.5s)
✔ [11208/11424] Built Euler.OrdinarySmoothLimit (18s)
✔ [11209/11424] Built Euler.ParentPacketNeighborBounds (9.0s)
✔ [11210/11424] Built Euler.ParentPacketJoinedInput (6.4s)
✔ [11211/11424] Built Euler.ParentStageHorizon (7.5s)
✔ [11212/11424] Built Euler.PacketForwardExactPressureError (5.7s)
✔ [11213/11424] Built Euler.ParentNormalizedGeometry (7.1s)
✔ [11214/11424] Built Euler.PacketForwardInitialSupport (3.9s)
✔ [11215/11424] Built Euler.PacketExactPhysicalDivergence (4.3s)
✔ [11216/11424] Built Euler.PacketExactGlobalChoice (5.7s)
✔ [11217/11424] Built Euler.PacketForwardGlobalShear (6.5s)
✔ [11218/11424] Built Euler.OrdinaryEulerUniqueness (4.6s)
✔ [11219/11424] Built Euler.PacketPhysicalCostPolynomial (7.3s)
✔ [11220/11424] Built Euler.OrdinaryEulerKineticEnergy (5.4s)
✔ [11221/11424] Built Euler.PacketForwardInitializedFlowBounds (7.3s)
✔ [11222/11424] Built Euler.CompactProjectedPairing (3.0s)
✔ [11223/11424] Built Euler.OrdinaryLogarithmicGradient (4.3s)
✔ [11224/11424] Built Euler.StaticEulerTime (4.2s)
✔ [11225/11424] Built Euler.StaticEulerSolution (5.1s)
✔ [11226/11424] Built Euler.ParentForwardGeometryInput (4.5s)
✔ [11227/11424] Built Euler.BaseEulerSign (9.6s)
✔ [11228/11424] Built Euler.OrdinaryAdvectionLimit (9.9s)
✔ [11229/11424] Built Euler.ParentForwardGeometryGuards (7.4s)
✔ [11230/11424] Built Euler.SmoothL2Series (9.3s)
✔ [11231/11424] Built Euler.ParentPacketHistoryLowBounds (6.7s)
✔ [11232/11424] Built Euler.ParentPacketHistoryNeighbor (8.4s)
✔ [11233/11424] Built Euler.ParentStageDirection (9.3s)
✔ [11234/11424] Built Euler.ParentInitializedRadiusPolynomial (9.6s)
✔ [11235/11424] Built Euler.ParentPacketGeometryInput (3.0s)
✔ [11236/11424] Built Euler.ParentNormalizedEuler (4.1s)
✔ [11237/11424] Built Euler.ParentParticleInverse (4.0s)
✔ [11238/11424] Built Euler.PacketExactPhysicalEuler (4.6s)
✔ [11239/11424] Built Euler.PacketInitializedFlowAndShear (7.4s)
✔ [11240/11424] Built Euler.ComparatorEvolutionIdentification (6.8s)
✔ [11241/11424] Built Euler.PacketInitializedOutputCosts (7.2s)
✔ [11242/11424] Built Euler.OrdinarySmoothingOperator (12s)
✔ [11243/11424] Built Euler.OrdinaryEulerLogarithmicControl (5.6s)
✔ [11244/11424] Built Euler.PacketForwardInitializedFlowAndShear (6.6s)
✔ [11245/11424] Built Euler.StaticEulerRegularity (3.5s)
✔ [11246/11424] Built Euler.StaticEulerParity (4.3s)
✔ [11247/11424] Built Euler.CompactProjectedEulerLaw (6.6s)
✔ [11248/11424] Built Euler.PacketGeometryProfileEnvelope (4.0s)
✔ [11249/11424] Built Euler.OrdinaryEulerLimit (7.1s)
✔ [11250/11424] Built Euler.PacketParameterEnvelope (6.0s)
✔ [11251/11424] Built Euler.ParentPacketHistoryPolynomial (8.1s)
✔ [11252/11424] Built Euler.ParentPacketGeometryGuards (11s)
✔ [11253/11424] Built Euler.ParentForwardRadiusPolynomial (6.0s)
✔ [11254/11424] Built Euler.ParentPacketSobolevFields (4.0s)
✔ [11255/11424] Built Euler.ParentShortForwardRadius (7.6s)
✔ [11256/11424] Built Euler.ParentParticleRegularity (4.1s)
✔ [11257/11424] Built Euler.ParentPacketParity (5.5s)
✔ [11258/11424] Built Euler.BaseEulerParent (6.8s)
✔ [11259/11424] Built Euler.PacketExactEulerianField (5.0s)
✔ [11260/11424] Built Euler.PacketInitializedChildBounds (5.0s)
✔ [11261/11424] Built Euler.PacketForwardOutputCosts (5.0s)
✔ [11262/11424] Built Euler.OrdinaryRegularizer (5.1s)
✔ [11263/11424] Built Euler.StaticEulerForceField (3.9s)
✔ [11264/11424] Built Euler.OrdinaryRegularizedEquation (7.5s)
✔ [11265/11424] Built Euler.PacketForwardInitializedChildShear (6.5s)
✔ [11266/11424] Built Euler.PacketInitializedUniformFlow (10s)
✔ [11267/11424] Built Euler.PacketSourceUniformEnvelope (4.2s)
✔ [11268/11424] Built Euler.OrdinaryEulerCauchy (6.2s)
✔ [11269/11424] Built Euler.StaticEulerGevrey (8.3s)
✔ [11270/11424] Built Euler.ParentPacketBadRatioPolynomial (8.4s)
✔ [11271/11424] Built Euler.ParentEulerState (5.5s)
✔ [11272/11424] Built Euler.ParentPacketNeighborPolynomial (9.1s)
✔ [11273/11424] Built Euler.BaseEulerParity (4.2s)
✔ [11274/11424] Built Euler.ParentPacketCorrectionParity (5.7s)
✔ [11275/11424] Built Euler.ParentPacketChildChoice (6.1s)
✔ [11276/11424] Built Euler.ParentPacketExactEuler (6.8s)
✔ [11277/11424] Built Euler.BaseEulerFlowL2 (8.8s)
✔ [11278/11424] Built Euler.PacketForwardUniformFlow (10s)
✔ [11279/11424] Built Euler.ParentPacketForwardChildChoice (5.3s)
✔ [11280/11424] Built Euler.PacketInitializedUniformChild (5.9s)
✔ [11281/11424] Built Euler.OrdinaryRegularizedFlow (8.6s)
✔ [11282/11424] Built Euler.PacketInitialCostPolynomial (4.3s)
✔ [11283/11424] Built Euler.ParentForwardUniformCosts (4.0s)
✔ [11284/11424] Built Euler.OrdinaryGradientLimit (4.4s)
✔ [11285/11424] Built Euler.OrdinaryEulerLocalCauchy (3.0s)
✔ [11286/11424] Built Euler.ParentInitializedUniformCosts (6.0s)
✔ [11287/11424] Built Euler.ParentEulerParity (3.7s)
✔ [11288/11424] Built Euler.PacketPressureSymmetry (4.0s)
✔ [11289/11424] Built Euler.PacketPressureScaleCosts (6.6s)
✔ [11290/11424] Built Euler.ParentEulerLowBounds (5.0s)
✔ [11291/11424] Built Euler.ParentPacketNeighborScaleGuard (3.0s)
✔ [11292/11424] Built Euler.ParentEulerSobolev (4.7s)
✔ [11293/11424] Built Euler.ParentPacketParameterCaps (4.0s)
✔ [11294/11424] Built Euler.ParentPacketExactDivergence (4.5s)
✔ [11295/11424] Built Euler.BaseEulerLabelData (3.6s)
✔ [11296/11424] Built Euler.ParentUniformJoinedChild (5.2s)
✔ [11297/11424] Built Euler.PacketForwardUniformChild (6.2s)
✔ [11298/11424] Built Euler.ParentPacketExactPressure (7.8s)
✔ [11299/11424] Built Euler.OrdinaryRegularizationError (4.7s)
✔ [11300/11424] Built Euler.OrdinaryRegularizedEnergy (4.5s)
✔ [11301/11424] Built Euler.OrdinaryEulerEndpoint (4.1s)
✔ [11302/11424] Built Euler.PacketUniformInitialBounds (7.6s)
✔ [11303/11424] Built Euler.PacketCurlTransport (6.4s)
✔ [11304/11424] Built Euler.PacketGeometryInitialAmplitude (4.8s)
✔ [11305/11424] Built Euler.PacketGeometryPressureCosts (4.0s)
✔ [11306/11424] Built Euler.ParentNeighborThreshold (4.1s)
✔ [11307/11424] Built Euler.ParentOrdinaryEvolution (4.2s)
✔ [11308/11424] Built Euler.ParentEulerEndpoints (5.0s)
✔ [11309/11424] Built Euler.BaseStaticEuler (6.1s)
✔ [11310/11424] Built Euler.ParentUniformForwardChild (4.9s)
✔ [11311/11424] Built Euler.ParentChildEulerMatch (4.4s)
✔ [11312/11424] Built Euler.PacketChildFieldMatch (5.9s)
✔ [11313/11424] Built Euler.OrdinaryEulerLifespan (3.8s)
✔ [11314/11424] Built Euler.OrdinaryPerturbedEnergy (6.0s)
✔ [11315/11424] Built Euler.PacketPressureSeries (3.8s)
✔ [11316/11424] Built Euler.PacketInitialPolynomialBounds (4.3s)
✔ [11317/11424] Built Euler.BaseEulerInput (3.7s)
✔ [11318/11424] Built Euler.ParentForwardInitialSupport (4.3s)
✔ [11319/11424] Built Euler.ParentEulerChild (4.5s)
✔ [11320/11424] Built Euler.OrdinaryEulerConcatenation (5.8s)
✔ [11321/11424] Built Euler.PacketChildLowBounds (10s)
✔ [11322/11424] Built Euler.OrdinaryEulerMaximal (6.9s)
✔ [11323/11424] Built Euler.PacketCommonScaleChoice (3.9s)
✔ [11324/11424] Built Euler.OrdinaryRegularizedCauchy (7.3s)
✔ [11325/11424] Built Euler.BaseEulerSobolev (3.4s)
✔ [11326/11424] Built Euler.ParentEulerSobolevChild (4.9s)
✔ [11327/11424] Built Euler.ParentGeometryInitialBounds (6.3s)
✔ [11328/11424] Built Euler.OrdinaryEulerSobolevClass (5.1s)
✔ [11329/11424] Built Euler.BaseEulerState (6.5s)
✔ [11330/11424] Built Euler.OrdinaryEulerLocalExistence (7.0s)
✔ [11331/11424] Built Euler.ComparatorIdentification (7.5s)
✔ [11332/11424] Built Euler.PacketForwardChildLowBounds (10s)
✔ [11333/11424] Built Euler.ParentState (3.7s)
✔ [11334/11424] Built Euler.PacketInitialInput (4.5s)
✔ [11335/11424] Built Euler.OrdinaryEulerContinuation (4.6s)
✔ [11336/11424] Built Euler.BaseSmoothState (4.0s)
✔ [11337/11424] Built Euler.ParentPacketInitialLowBounds (6.3s)
✔ [11338/11424] Built Euler.ParentInitializedState (3.8s)
✔ [11339/11424] Built Euler.OrdinaryEulerClassicalClass (12s)
✔ [11340/11424] Built Euler.ParentHomogeneousPacketLowBounds (8.9s)
✔ [11341/11424] Built Euler.ParentStateGeometry (5.1s)
✔ [11342/11424] Built Euler.PacketInitialSummability (3.7s)
✔ [11343/11424] Built Euler.OrdinaryBKMReduction (3.7s)
✔ [11344/11424] Built Euler.OrdinaryMaximalVorticity (3.7s)
✔ [11345/11424] Built Euler.OrdinaryEulerNontriviality (3.9s)
✔ [11346/11424] Built Euler.ParentPacketChildLowGuards (5.3s)
✔ [11347/11424] Built Euler.BasePacketSetup (7.0s)
✔ [11348/11424] Built Euler.ParentFirstPacketLowGuards (5.6s)
✔ [11349/11424] Built Euler.CompactVorticityTimeUpgrade (9.4s)
✔ [11350/11424] Built Euler.ParentPacketStateGeometry (4.1s)
✔ [11351/11424] Built Euler.ParentRenewalParameters (7.0s)
✔ [11352/11424] Built Euler.PacketInitialSmoothLimit (5.5s)
✔ [11353/11424] Built Euler.ParentGeometryForwardChoice (23s)
✔ [11354/11424] Built Euler.OrdinaryMaximalVorticityIntegral (3.6s)
✔ [11355/11424] Built Euler.ParentGeometryForwardChoiceNoOptions (23s)
✔ [11356/11424] Built Euler.BasePacketFrameValues (4.5s)
✔ [11357/11424] Built Euler.BasePacketUniformCosts (6.6s)
✔ [11358/11424] Built Euler.PacketLowConstants (4.6s)
✔ [11359/11424] Built Euler.BasePacketLowBounds (6.4s)
✔ [11360/11424] Built Euler.ComparatorLocalEvolution (6.7s)
✔ [11361/11424] Built Euler.ParentRenewalScaleCosts (5.1s)
✔ [11362/11424] Built Euler.PacketInitialExactLimit (5.1s)
✔ [11363/11424] Built Euler.OrdinaryEulerBKM (3.4s)
✔ [11364/11424] Built Euler.BasePacketFrequencyCost (4.3s)
✔ [11365/11424] Built Euler.ParentNormalPacketParameters (5.1s)
✔ [11366/11424] Built Euler.ParentRenewalScaleApplication (4.9s)
✔ [11367/11424] Built Euler.ParentTargetRenewal (28s)
✔ [11368/11424] Built Euler.BaseFirstPacket (22s)
✔ [11369/11424] Built Euler.CompactVorticityContradiction (5.4s)
✔ [11370/11424] Built Euler.BaseFirstPacketScales (4.2s)
✔ [11371/11424] Built Euler.ParentGeometryJoinedChoiceInvestigation (23s)
✔ [11372/11424] Built Euler.ParentForwardNormalParameters (3.7s)
✔ [11373/11424] Built Euler.ParentGeometryJoinedChoice (22s)
✔ [11374/11424] Built Euler.NormalPacketFrequencyGuards (3.8s)
✔ [11375/11424] Built Euler.ParentGeometryChoiceLow (20s)
✔ [11376/11424] Built Euler.PacketInductionScales (4.6s)
✔ [11377/11424] Built Euler.PacketInductionScaleBounds (3.0s)
✔ [11378/11424] Built Euler.ParentGeometryChoiceCenter (28s)
✔ [11379/11424] Built Euler.BaseFirstPacketChoiceNoOptions (32s)
✔ [11380/11424] Built Euler.BaseFirstPacketChoice (31s)
✔ [11381/11424] Built Euler.BaseLiteralFirstPacket (4.2s)
✔ [11382/11424] Built Euler.ParentGeometryChoiceRenewal (10s)
✔ [11383/11424] Built Euler.ParentGeometryChoiceInitial (21s)
✔ [11384/11424] Built Euler.BaseFirstPacketEvolutionNoOptions (23s)
✔ [11385/11424] Built Euler.ParentChoiceInitialSupport (3.3s)
✔ [11386/11424] Built Euler.BaseFirstPacketEvolution (20s)
✔ [11387/11424] Built Euler.BaseFirstPacketFrame (6.1s)
✔ [11388/11424] Built Euler.PacketInductionStage (3.4s)
✔ [11389/11424] Built Euler.PacketStageLocalExistence (5.1s)
✔ [11390/11424] Built Euler.PacketStageLowPropagation (5.2s)
✔ [11391/11424] Built Euler.PacketStageRestriction (6.5s)
✔ [11392/11424] Built Euler.PacketStagePhysicalBounds (3.5s)
✔ [11393/11424] Built Euler.PacketStageGrowth (6.0s)
✔ [11394/11424] Built Euler.PacketStageContradiction (4.8s)
✔ [11395/11424] Built Euler.PacketStageGeometry (7.4s)
✔ [11396/11424] Built Euler.BaseInductionStageNoOptions (21s)
✔ [11397/11424] Built Euler.PacketStageGuards (6.7s)
✔ [11398/11424] Built Euler.BaseInductionStage (20s)
✔ [11399/11424] Built Euler.PacketStageEstimates (5.3s)
✔ [11400/11424] Built Euler.PacketStageInputs (5.7s)
✔ [11401/11424] Built Euler.PacketStageInitialLimit (7.2s)
✔ [11402/11424] Built Euler.PacketForwardSuccessor (10s)
✔ [11403/11424] Built Euler.PacketInitialDatumSupport (5.8s)
✔ [11404/11424] Built Euler.PacketJoinedSuccessor (20s)
✔ [11405/11424] Built Euler.PacketInfiniteConstruction (2.6s)
✔ [11406/11424] Built Euler.BaseFirstPacketSupport (29s)
✔ [11407/11424] Built Euler.PacketFiniteLifespan (3.9s)
✔ [11408/11424] Built Euler.StageDisplacementConfinement (4.0s)
✔ [11409/11424] Built Euler.CanonicalPacketHorizons (2.6s)
✔ [11410/11424] Built Euler.PacketFirstStageSupport (14s)
✔ [11411/11424] Built Euler.StageInitialSupport (11s)
✔ [11412/11424] Built Euler.StageVorticityConfinement (2.3s)
✔ [11413/11424] Built Euler.EulerFiniteLifespan (15s)
✔ [11414/11424] Built Euler.CanonicalVorticityConfinement (2.6s)
✔ [11415/11424] Built Euler.EulerC1Breakdown (3.4s)
✔ [11416/11424] Built Euler.EulerC1Limsup (2.4s)
✔ [11417/11424] Built Euler.EulerSingularity (2.5s)
✔ [11418/11424] Built Euler (2.5s)
✔ [11419/11424] Built Euler.ComparatorSingularityNorms (5.2s)
✔ [11420/11424] Built Euler.ComparatorSobolevEvolution (6.4s)
✔ [11421/11424] Built Euler.ComparatorMaximalFields (4.4s)
✔ [11422/11424] Built Euler.ComparatorMaximalSolution (4.5s)
ℹ [11423/11424] Built Euler.Solution (4.0s)
info: Euler/Solution.lean:73:0: 'Euler.euler_breakdown_R3' depends on axioms: [propext, Classical.choice, Quot.sound]
info: Euler/Solution.lean:75:0: 'Euler.exists_compact_smooth_euler_singularity' depends on axioms: [propext, Classical.choice, Quot.sound]
Build completed successfully (11424 jobs).
